a-opplysningsloven	lov/2012-06-22-43
adopsjonsloven	lov/1986-02-28-8
advokatforskriften	forskrift/1996-12-20-1161
afp-tilskottsforskriften	forskrift/2010-11-30-1496
agenturloven|agentloven|agl	lov/1992-06-19-56
aksjeloven|asl	lov/1997-06-13-44
aktieloven	lov/1910-07-19-1
akvakulturreaksjonsforskriften	forskrift/2007-03-29-361
alderstrygdloven	lov/1957-07-06-10
alkoholforskriften	forskrift/2005-06-08-538
alkoholloven|alkhl	lov/1989-06-02-27
almindelig borgerlig straffelov|alminnelig borgerlig straffelov|alminnelige straffelov|almindelige straffelov|alminnelig straffelov|almindelig straffelov|strfl	lov/1902-05-22-10
animaliehygieneforskriften	forskrift/2008-12-22-1624
animaliekontrollforskriften	forskrift/2008-12-22-1622
arbeiderfondloven	lov/1938-04-08-2
arbeidsledighetstrygdloven|arbeidsledighetstrygdloven	lov/1958-06-24-8
arbeidstakeroppfinnelsesloven	lov/1970-04-17-21
arbeidstidsloven	lov/1949-06-10-2|lov/1939-03-10-5
arbeidstvisteloven|arbeidstvistloven	lov/2012-01-27-9|lov/1927-05-05-1
arrestordreforskriften|arrestordreforskrifta	forskrift/2012-09-21-896
arveavgiftsloven|aal	lov/1964-06-19-14
atvl|atl	lov/1927-05-05-1
auksjons- og licitasjonsloven|licitasjonsloven|auksjonsloven	lov/1918-08-14-3
avtaleloven|avt.l|avtl	lov/1918-05-31-4
avviklingsloven	lov/1950-06-30-16
bankadministrasjonsloven|administrasjonsloven	lov/1925-07-17-14
bankinspeksjonsloven|finanstilsynsloven|kredittilynsloven|tilsynsloven	lov/1956-12-07-1
barneloven|barnelova|bl	lov/1981-04-08-7
beiteloven	lov/1961-06-16-12
bergverksloven|lov bergverker	lov/1842-07-14
bergverksordning for svalbard	lov/1925-08-07
beskyttelsesinstruksen	forskrift/1972-03-17-3352
betalingsutjevningsloven	lov/1935-05-31-2
beverterloven	lov/1917-04-02-5
bevertningsskatteloven	lov/1924-08-11-8
bibliotekvederlagsloven	lov/1987-05-29-23
bilansvarsloven|bal	lov/1961-02-03
blankettforskriften	forskrift/1995-11-01-869
blodforskriften	forskrift/2005-02-04-80
bokføringsforskriften	forskrift/2004-12-01-1558
bostøtteloven|bustøttelova|bstl	lov/2012-08-24-64
brennevinsloven|brændevinsloven	lov/1924-08-01-4|lov/1908-08-15-8|lov/1848-08-17-2
bygdeallmenningsloven	lov/1992-06-19-59
bygningsloven for kristiania	lov/1899-05-26-3
byskatteloven	lov/1911-08-18-9
diskrimineringsombudsforskriften	forskrift/2005-12-16-1524
dobbeltbeskatningsavtaleloven	lov/1949-07-28-15
drivstoffanleggloven	lov/1949-03-31-3
dødsstraffloven	lov/1945-07-06
easa-forskriften	forskrift/2005-05-23-459
eiendomsskatteloven|eigedomsskattelova|eigedomskattelova	lov/1975-06-06-29
eksportkredittloven	lov/2012-06-22-57
ekspropriasjonsloven	lov/1959-10-23-3|lov/1918-07-29-4|lov/1894-07-23-7
ekspropriasjonserstatningsloven	lov/1984-04-06-17
ektefellelovens ikrafttredelseslov|ektefællelovens ikrafttrædelseslov|ektefællelov ikrafttrædelseslov|ektefellelov ikrafttredelseslov|ektefællelovens ikrl|ektefællelov ikrl	lov/1927-05-20-2
embedsedloven	lov/1981-05-22-23
energiloven	lov/1990-06-29-50
energimerkeforskriften	forskrift/2009-12-18-1665
engangsskatteloven	lov/1946-07-19-3
enhetsregisterloven	lov/1994-06-03-15
etterligningsloven	lov/1946-07-19-16
europeisk konvensjon om overføring av straffeforfølging|konvensjon om overføring av straffeforfølging|straffeforfølgingsoverføringskonvensjonen|lov om overføring av straffeforfølging	lov/1977-03-25-22
eøfg-loven	lov/1995-12-22-85
felleslappeloven	lov/1883-06-02
ferieloven	lov/1988-04-29-21
fiendegodsloven	lov/1950-12-15-4
fil	lov/1999-06-25-46|lov/1988-06-10-40
film- og videoloven|videogramloven|videogramlova|videogramlov|videoloven|filmloven|filmlova|filmlov	lov/1987-05-15-21
finansieringsvirksomhetsloven|finansieringsloven	lov/1988-06-10-40
fiskeeksportloven	lov/1990-04-27-9
fjellkonsesjonsloven	lov/1915-08-27
fjelloven|fjellova	lov/1975-06-06-31
flaggloven	lov/1898-12-10-1
folkebibliotekloven|bibliotekloven	lov/1985-12-20-108
folkeskoleloven	lov/1959-04-10-1
forbrukerkjøpstvistloven|forbrukertvistloven|forbrtvl	lov/1978-04-28-18
forbud paa vimpel-føring	lov/1741-02-17
foreldreansvarskonvensjonen|barnebortførings-konvensjonen|konvensjon om barnebortføring|konvensjonen om foreldreansvar|konvensjonen om barnebortførings|konvensjon om foreldreansvar|foreldreansvars-konvensjonen|barnebortføringskonvensjonen|europarådskonvensjonen|barnebortføringsloven|europa-konvensjonen|europakonvensjonen|haag-konvensjonen|haagkonvensjonen	lov/1988-07-08-72
forlagspanteloven	lov/1946-03-08-1
forliksloven	lov/1824-07-20
fornminneloven	lov/1951-06-29-3|lov/1905-07-13-4
forpaktningsloven|forpaktingsloven|forpaktingslova	lov/1965-06-25-1
forretningsbankloven	lov/1961-05-24-2
forskrift angående bruk av statsflagget og handelsflagget|flaggforskriften	forskrift/1927-10-21-9733
forskrift for bruk av motorkjøretøyer i utmark og på islagte vassdrag	forskrift/1988-05-15-356
forskrift for ressursforvaltning i petroleumsvirksomheten|ressursforskriften	forskrift/2001-06-18-749
forskrift for sykehjem og boform for heldøgns omsorg og pleie|sykehjemsforskriften	forskrift/1988-11-14-932
forskrift om administrative ordninger på arbeidstilsynets område|forskrift om administrative ordninger	forskrift/2011-12-06-1360
forskrift om alderspensjon i folketrygden	forskrift/2009-12-22-1810
forskrift om angreskjema	forskrift/2001-02-27-221
forskrift om ansattes rett til representasjon i aksjeselskapers|representasjonsforskriften	forskrift/1998-12-18-1205
forskrift om apotek|apotekforskriften	forskrift/2001-02-26-178
forskrift om arbeidsavklaringspenger	forskrift/2010-02-10-152
forskrift om arbeidsmiljølovens anvendelse for personer som ikke er arbeidstakere|forskrift om arbeidsmiljølovens anvendelse	forskrift/2005-12-16-1568
forskrift om arbeidsrettede tiltak mv	forskrift/2008-12-11-1320
forskrift om avgrensning av arbeidsgiveravgiftsfritaket	forskrift/1997-11-19-1173
forskrift om avleveringsplikt for allment tilgjengelege dokument|pliktavleveringsforskriften|avleveringsforskriften	forskrift/1990-05-25-427
forskrift om begrensning av forurensning|forurensningsforskriften|forurensingsforskriften	forskrift/2004-06-01-931
forskrift om begrensning av lønnsoppgaveplikten	forskrift/1983-12-30-1974
forskrift om behandling av tvister i arbeidsgiverperioden	forskrift/1997-03-25-268
forskrift om bekjempelse av lus i akvakulturanlegg|luseforskriften	forskrift/2009-08-18-1095
forskrift om bemanning av norske skip|bemanningsforskriften 2009|forskrift om maskiner|maskinforskriften	forskrift/2009-05-20-544
forskrift om beregning og fastsetting m.v av arbeidsgiveravgift til folketrygden	forskrift/1997-12-02-1385
forskrift om betalingsforetak	forskrift/2010-07-01-1049
forskrift om billighetserstatning i forsvaret|billighetsforskriften	forskrift/1993-08-20-814
forskrift om bindende forhåndsuttalelser i skatte- og avgiftssaker|forskrift om bindende forhåndsuttalelser	forskrift/2005-06-14-550
forskrift om bingo|bingoforskriften	forskrift/2004-11-30-1528
forskrift om bruk av arbeidsutstyr|arbeidsutstyrforskriften	forskrift/1998-06-26-608
forskrift om bruk av kjøretøy	forskrift/1990-01-25-92
forskrift om bruk av personlig verneutstyr under kjøring med motorvogn|forskrift om bruk av bilbelte mv	forskrift/1979-09-21-7
forskrift om bruk av politiarrest|politiarrestforskriften	forskrift/2006-06-30-749
forskrift om bruk av skipsarrest om bord på norske skip	forskrift/2009-08-06-1032
forskrift om bruk av tvang i barneverninstitusjon|forskrift om tvang i barneverninstitusjon	forskrift/2002-12-12-1594
forskrift om bruk av vannscooter og lignende|forskrift om bruk av vannscooter	forskrift/2012-06-22-567
forskrift om byggesak|byggesaksforskriften	forskrift/2010-03-26-488
forskrift om dagpenger under arbeidsløshet|dagpengeforskriften	forskrift/1998-09-16-890
forskrift om dekning av pasienters utgifter til advokat etter pasientskadeloven	forskrift/2009-03-27-357
forskrift om den rettsmedisinske kommisjon|rmk-forskrift	forskrift/2003-03-14-294
forskrift om domennavn|domeneforskriften	forskrift/2003-08-01-990
forskrift om dommeravhør og observasjon	forskrift/1998-10-02-925
forskrift om drift av akvakulturanlegg|akvakulturdriftsforskriften|akvakulturdriftforskriften	forskrift/2008-06-17-822
forskrift om e-pengeforetak	forskrift/2011-12-21-1444
forskrift om eiendomsmegling|eiendomsmeglingsforskriften	forskrift/2007-11-23-1318
forskrift om eiendomsregistrering|matrikkelforskriften	forskrift/2009-06-26-864
forskrift om elektrisk utstyr	forskrift/2011-01-14-36
forskrift om elektriske forsyningsanlegg	forskrift/2005-12-20-1626
forskrift om elektronisk kommunikasjonsnett og elektronisk kommunikasjonstjeneste|ekomforskriften	forskrift/2004-02-16-401
forskrift om elektronisk kommunikasjon|eforvaltningsforskriften|efvf	forskrift/2004-06-25-988
forskrift om en verdig eldreomsorg|verdighetsgarantiforskriften	forskrift/2010-11-12-1426
forskrift om engangsavgift på motorvogner	forskrift/2001-03-19-268
forskrift om erstatning for tap og følgekostnader når husdyr blir drept eller skadet av rovvilt|forskrift om erstatning for tap av husdyr	forskrift/1999-07-02-720
forskrift om erverv og tap av norsk statsborgerskap|statsborgerforskriften	forskrift/2006-06-30-756
forskrift om etablering av tvungent psykisk helsevern mv	forskrift/2006-12-15-1424
forskrift om etablering og gjennomføring av psykisk helsevern m.m|psykisk helsevernforskriften	forskrift/2011-12-16-1258
forskrift om fartsbegrensninger i sjø, elv og innsjø	forskrift/2009-12-15-1546
forskrift om faste forsvarere og bistandsadvokater	forskrift/2011-03-04-251
forskrift om faste grenser for påvirkning av andre berusende|forskrift om faste grenser for andre rusmidler enn alkohol	forskrift/2012-01-20-85
forskrift om fastsetjing og endring av fostringstilskot|forskrift om fastsetjing av fostringstilskot	forskrift/2003-01-15-123
forskrift om fiskevernsone ved svalbard	forskrift/1977-06-03-6
forskrift om fjernmøter og fjernavhør i straffesaker	forskrift/2011-08-12-835
forskrift om folkeregistrering|folkeregistreringsforskriften	forskrift/2007-11-09-1268
forskrift om forbrukernes kollektive interesser	forskrift/2001-12-20-1586
forskrift om forbud mot betalingsformidling for pengespill	forskrift/2010-02-19-184
forskrift om forbudte skytevåpen og godkjente halvautomatiske skytevåpen	forskrift/2011-09-09-930
forskrift om forenklet forelegg i fritids- og småbåtsaker	forskrift/2001-06-15-634
forskrift om forenklet forelegg i vegtrafikksaker	forskrift/1990-06-29-492
forskrift om forenklet oppgjør for arbeidsgiveravgift fra statens forvaltningsvirksomhet	forskrift/2003-11-27-1398
forskrift om forsikring mot ansvar for sykepenger	forskrift/1997-03-25-260
forskrift om forvarer|forvareforskriften|forforskriften	forskrift/2002-11-07-1290
forskrift om fosterhjem|fosterhjemsforskriften|fosterhjemforskriften	forskrift/2003-12-18-1659
forskrift om fotografering, filmopptak mv under hovedforhandling i straffesak|forskrift om fotografering mv under straffesak	forskrift/1985-11-15-1910
forskrift om fredning av statens kulturhistoriske eiendommer	forskrift/2011-11-09-1088
forskrift om fremmedartede dyr m.v. 	forskrift/1976-11-20-3
forskrift om fremvisning av dyr	forskrift/2012-03-27-261
forskrift om fri inntekt og inntektsgrenser|forskrift om inntekt for uførepensjonister|forskrift om friinntekt og inntektsgrenser	forskrift/1997-04-30-392
forskrift om førerkort|førerkortforskriften	forskrift/2004-01-19-298
forskrift om gebyr for visse overtredelser av vegtrafikklovgivningen	forskrift/1993-09-17-855
forskrift om generelle tillatelser til bruk av frekvenser|fribruksforskriften	forskrift/2012-01-19-77
forskrift om gjennomføring av konkurransereglene i eøs-avtalen mv|forskrift om konkurransereglene i eøs-avtalen	forskrift/2011-12-21-1518
forskrift om gjennomføringen av bestemmelsene om inntektsprøving av forskott|forskrift om inntekstprøving av forskott	forskrift/2003-02-06-125
forskrift om gjennomføringen av fordeling av skatt mv mellom skattekreditorene|forskrift om skattefordeling mellom skattekreditorene	forskrift/2012-06-20-627
forskrift om gjenvinning og behandling av avfall|avfallsforskriften	forskrift/2004-06-01-930
forskrift om godkjenning av biocider og biocidprodukter|biocidforskriften	forskrift/2003-12-18-1848
forskrift om godtgjørelse for nødhjelp til dyr	forskrift/2012-04-17-330
forskrift om helse og sikkerhet i eksplosjonsfarlige atmosfærer	forskrift/2003-06-30-911
forskrift om hindring av forurensning fra skip|marpol-forskriften	forskrift/1983-06-16-1122
forskrift om hold av pelsdyr|pelsdyrforskriften	forskrift/2011-03-17-296
forskrift om hunder|hundeforskriften	forskrift/2004-08-20-1204
forskrift om husleietvistutvalget|forskrift om husleietvistutvalg|husleietvistutvalgforskriften|htu-forskriften	forskrift/2000-09-28-1020
forskrift om håndtering av brannfarlig, reaksjonsfarlig og trykksatt stoff mv|forskrift om håndtering av farlig stoff	forskrift/2009-06-08-602
forskrift om håndtering av eksplosjonsfarlig stoff	forskrift/2002-06-26-922
forskrift om individuell plan i arbeids- og velferdsforvaltningen	forskrift/2010-11-19-1462
forskrift om industrivern	forskrift/2011-12-20-1434
forskrift om informasjonssikkerhet	forskrift/2001-07-01-744
forskrift om infrastruktur for geografisk informasjon|geodataforskriften	forskrift/2012-08-08-797
forskrift om inkassosatsen	forskrift/2002-12-13-1641
forskrift om innkalling og utsettelse ved fullbyrding av straff|forskrift om fullbyrding av straff	forskrift/2010-03-19-408
forskrift om innkjøpsregler i forsyningssektorene|forsyningsforskriften	forskrift/2006-04-07-403
forskrift om innsamling og behandling av helseopplysninger i kreftregisteret|kreftregisterforskriften	forskrift/2001-12-21-1477
forskrift om innsamling og behandling av helseopplysninger i medisinsk fødselsregister|medisinsk fødselsregisterforskriften	forskrift/2001-12-21-1483
forskrift om innsamling og behandling av helseopplysninger i norsk pasientregister|norsk pasientregisterforskriften|npr-forskriften	forskrift/2007-12-07-1389
forskrift om internkontroll i sosial- og helsetjeneste|internkontrollforskrift i sosial-/helsetjenesten	forskrift/2002-12-20-1731
forskrift om kjøre- og hviletid	forskrift/1993-09-28-910
forskrift om kjøre- og hviletid for vegtransport i eøs	forskrift/2007-07-02-877
forskrift om klagenemnd for fly- og jernbanepassasjerer|transportklagenemndforskriften	forskrift/2012-01-20-84
forskrift om klagenemnd for offentlige anskaffelser|kofa-forskriften	forskrift/2002-11-15-1288
forskrift om klagenemnd for revisor- og regnskapsførersaker	forskrift/2012-02-01-111
forskrift om klagenemnda for miljøinformasjon|miljøinformasjonsforskriften	forskrift/2003-12-14-1572
forskrift om kommunal beredskapsplikt	forskrift/2011-08-22-894
forskrift om kommunal håndheving av politivedtekter	forskrift/2012-06-19-600
forskrift om kommunikasjonskontroll|kommunikasjonskontrollforskriften	forskrift/1995-03-31-281
forskrift om kompensasjon av merverdiavgift til kommuner, fylkeskommuner mv|kompensasjonsforskriften	forskrift/2003-12-12-1566
forskrift om konkurransekjøring med motorvogn på veg åpen for alminnelig ferdsel	forskrift/2011-04-07-395
forskrift om konstruksjon, utforming og fremstilling av tekniske innretninger|produsentforskriften	forskrift/2011-12-06-1359
forskrift om kontrollutvalg i kommuner og fylkeskommuner	forskrift/2004-06-15-905
forskrift om krav til byggverk og produkter til byggverk|teknisk forskrift	forskrift/1997-01-22-33
forskrift om krav til minstealder og båtførerbevis mv for fører av fritidsbåt|forskrift om krav til fører av fritidsbåt	forskrift/2009-03-03-259
forskrift om krav til taksametre	forskrift/2009-10-01-1226
forskrift om kredittavtaler mv	forskrift/2010-05-07-654
forskrift om kringkasting|kringkastningsforskriften|kringkastingsforskriften	forskrift/1997-02-28-153
forskrift om kvalitetssikring og kvalitetsutvikling i høyere utdanning og fagskoleutdanning|forskrift om kvalitet i høyere utdanning	forskrift/2010-02-01-96
forskrift om kvoteplikt og handel med kvoter for utslipp av klimagasser|klimakvoteforskriften	forskrift/2004-12-23-1851
forskrift om køprising	forskrift/2011-10-25-1044
forskrift om landtransport av farlig gods	forskrift/2009-04-01-384
forskrift om legemidler|legemiddelforskriften	forskrift/2009-12-18-1839
forskrift om leveringskvalitet i kraftsystemet	forskrift/2004-11-30-1557
forskrift om ligningsmyndigheter for svalbard	forskrift/2007-12-04-1354
forskrift om lisens til helsepersonell	forskrift/2000-12-21-1379
forskrift om lufttransporttjenester i eøs	forskrift/2011-08-12-833
forskrift om materialer og gjenstander i kontakt med næringsmidler|matkontaktforskriften	forskrift/1993-12-21-1381
forskrift om menerstatning ved yrkesskade|menerstatning ved yrkesskade	forskrift/1997-04-21-373
forskrift om merking mv av næringsmidler	forskrift/1993-12-21-1385
forskrift om miljømessig sikkerhet for skip og flyttbare innretninger|forskrift om miljømessig sikkerhet for skip mv	forskrift/2012-05-30-488
forskrift om miljøvennlig utforming av energirelaterte produkter|økodesignforskriften	forskrift/2011-02-23-190
forskrift om måling, avregning og samordnet opptreden|forskrift om måling og avregning|forskrift nr 301	forskrift/1999-03-11-301
forskrift om narkotika|narkotikaforskriften|narkotikalisten	forskrift/1978-06-30-8
forskrift om nedsettelse av pensjonsgivende inntekt mv	forskrift/1997-12-18-1408
forskrift om notarius publicus	forskrift/2002-05-03-418
forskrift om næringsmessig transport av dyr	forskrift/2012-02-08-139
forskrift om offentlege arkiv|arkivforskriften|arkivforskrifta	forskrift/1998-12-11-1193
forskrift om offentlig parkeringsregulering og parkeringsgebyr	forskrift/1993-10-01-921
forskrift om offentlig telenett og offentlig teletjeneste|offentlignettforskriften|teleforskriften	forskrift/1997-12-05-1259
forskrift om offentlige anskaffelser|forskrift om offentlege anskaffelser|anskaffelsesforskriften	forskrift/2006-04-07-402
forskrift om offentlige trafikkskilt, vegoppmerking, trafikklyssignaler og anvisninger|skiltforskriften	forskrift/2005-10-07-1219
forskrift om offentlighet i rettspleien	forskrift/2001-07-06-757
forskrift om omregistreringsavgift	forskrift/1986-07-02-1430
forskrift om oppbevaring av elektronisk regnskapsmateriale i eøs	forskrift/2010-06-03-759
forskrift om oppgaveplikt for fiske- og fangstfartøy	forskrift/1993-07-26-772
forskrift om opplæring av personell med arbeidsoppgaver|opplæringsforskriften - trafikksikkerhet	forskrift/2002-12-18-1679
forskrift om organisering, ledelse og medvirkning	forskrift/2011-12-06-1355
forskrift om overgangsregler til tvisteloven	forskrift/2007-01-26-88
forskrift om parkering for forflytningshemmede	forskrift/1994-03-15-222
forskrift om pasientjournal|pasientjournalforskriften|journalforskriften	forskrift/2000-12-21-1385
forskrift om pedagogisk bemanning	forskrift/2005-12-16-1507
forskrift om pliktmessig avhold for helsepersonell	forskrift/2012-05-04-400
forskrift om politiattest i henhold til arbeidsmarkedsloven	forskrift/2012-03-23-248
forskrift om politiets utlendingsinternat|utlendingsinternatforskriften	forskrift/2009-12-23-1890
forskrift om postforkynning|postforkynningsforskriften	forskrift/1985-10-11-1810
forskrift om preimplantasjonsdiagnostikknemnda	forskrift/2008-06-27-721
forskrift om prikkbelastning|prikkforskriften	forskrift/2003-09-19-1164
forskrift om prisopplysning for tjenester|prisopplysningsforskriften	forskrift/1997-11-28-1382
forskrift om produksjon, omforming, overføring, omsetning, fordeling og bruk av energi m.m|energilovforskriften	forskrift/1990-12-07-959
forskrift om program mot ruspåvirket kjøring	forskrift/2008-10-10-1100
forskrift om prøveordning med elektronisk kommunikasjon med domstolene	forskrift/2012-02-12-140
forskrift om prøveordning med narkotikaprogram|narkotikaprogramforskriften	forskrift/2005-12-16-1518
forskrift om pålegg om revisjon mv	forskrift/2012-05-02-390
forskrift om rammer for vannforvaltningen|vannforskriften	forskrift/2006-12-15-1446
forskrift om registrering av foretak	forskrift/1987-12-18-984
forskrift om registrering av juridiske personer m.m i enhetsregisteret|enhetsregisterforskriften	forskrift/1995-02-09-114
forskrift om regulerte markeder|børsforskriften	forskrift/2007-06-29-875
forskrift om reisegaranti|reisegarantiforskriften	forskrift/2007-01-03-3
forskrift om rekvirering og utlevering av legemidler fra apotek|rekvireringsforskriften|utleveringsforskriften	forskrift/1998-04-27-455
forskrift om rettigheter og bruk av tvang under opphold i barneverninstitusjon	forskrift/2011-11-15-1103|forskrift/2002-12-12-1594
forskrift om rettsgebyr|rettsgebyrforskriften	forskrift/1983-02-15-86
forskrift om revisjon i kommuner og fylkeskommuner mv	forskrift/2004-06-15-904
forskrift om revisjon og revisorer|revisorforskriften	forskrift/1999-06-25-712
forskrift om salær fra det offentlige til advokater	forskrift/2005-12-12-1442|forskrift/1997-12-03-1441
forskrift om samvirke mellom bestemmelsene i bygningslovene|forskrift om samvirke mellom bestemmelsene i bygningslov	forskrift/2009-06-15-669
forskrift om selskapets opplysningsplikt før og etter generalforsamlingen i visse allmennaksjeselska	forskrift/2009-07-06-983
forskrift om sertifisering av flygere og krav til flygetreningsorganisasjoner for fly og helikopter|jar-fcl-forskriften	forskrift/2009-11-20-1407
forskrift om sikkerhet ved lekeplassutstyr	forskrift/1996-07-19-703
forskrift om sikkerhet, helse og arbeidsmiljø på bygge- eller anleggsplasser|byggherreforskriften	forskrift/2009-08-03-1028
forskrift om sikkerhetsforvaltning av veginfrastrukturen|vegsikkherhetsforskriften	forskrift/2011-10-28-1053
forskrift om skatt til svalbard	forskrift/1997-12-15-1305
forskrift om skytevåpen, våpendeler og ammunisjon mv|våpenforskriften	forskrift/2009-06-25-904
forskrift om smittevern i helsetjenesten	forskrift/2005-06-17-610
forskrift om standardisert erstatning etter lov om yrkesskadeforsikring|standardiseringsforskriften|standardforskriften	forskrift/1990-12-21-1027
forskrift om standardsatser for oppreisning etter uberettiget strafforfølgning|forskrift om standardsatser for oppreisning	forskrift/2003-12-12-1472
forskrift om statsgaranti for lønnskrav ved konkurs|lønnsgarantiforskriften	forskrift/1998-10-28-999
forskrift om stillaser, stiger og arbeid på tak|forskrift om stillaser|stillasforskriften|stigeforskriften	forskrift/1989-04-14-335
forskrift om strafferegistrering|strafferegistreringsforskriften	forskrift/1974-12-20-4
forskrift om strukturkvoteordning mv for havfiskeflåten	forskrift/2005-03-04-193
forskrift om strålevern og bruk av stråling|strålevernforskriften	forskrift/2010-10-29-1380
forskrift om svangerskapsavbrudd|abortforskriften	forskrift/2001-06-15-635
forskrift om sykkelritt på veg	forskrift/2011-04-07-396
forskrift om systematisk helse-, miljø- og sikkerhetsarbeid i virksomheter|internkontrollforskriften	forskrift/1996-12-06-1127
forskrift om særavgifter|særavgiftsforskriften	forskrift/2001-12-11-1451
forskrift om taksering og erstatning av naturskader|forskrift om naturskadeserstatning|forskrift om naturskadeerstatning|naturskadeerstatningsforskriften|naturskadeerstatningforskriften	forskrift/1995-06-02-515
forskrift om tap av rett til å føre motorvogn|førerrettforskriften|førerettforskriften|tapsforskriften	forskrift/2003-12-19-1660
forskrift om tekniske krav til byggverk|byggteknisk forskrift	forskrift/2010-03-26-489
forskrift om tildeling og drift ved havbeiteverksemd	forskrift/2003-08-28-1110
forskrift om tillatelse til akvakultur av andre	forskrift/2004-12-22-1799
forskrift om tillatelse til akvakultur for laks|laksetildelingsforskriften	forskrift/2004-12-22-1798
forskrift om tilsetningsstoffer til næringsmidler	forskrift/2011-06-06-668
forskrift om tilskudd til sikring mot naturskader	forskrift/2007-05-09-499
forskrift om tiltak mot hvitvasking og terrorfinansiering mv|hvitvaskingsforskriften	forskrift/2009-03-13-302
forskrift om tiltaksverdier og grenseverdier for fysiske|forskrift om tiltaks- og grenseverdier	forskrift/2011-12-06-1358
forskrift om tilvirkning og import av legemidler	forskrift/2004-11-02-1441
forskrift om tinglysing|tinglysingsforskriften	forskrift/1995-11-03-875
forskrift om tjenestevirksomhet og administrativt samarbeid mellom myndigheter|tjensteforskriften	forskrift/2009-12-18-1644
forskrift om tomtefeste|tomtefesteforskriften	forskrift/2001-06-08-570
forskrift om trafikkopplæring og førerprøve m.m|trafikkopplæringsforskriften	forskrift/2004-10-01-1339
forskrift om trafikktrygd|trafikktrygdforskriften	forskrift/1974-04-01-3
forskrift om tuberkulosekontroll	forskrift/2009-02-13-205
forskrift om tvangsmulkt etter foretaksregisterloven og etter enhetsregisterloven|forskrift om tvangsmulkt	forskrift/2004-12-21-1744
forskrift om tvisteløsningsnemnd etter arbeidsmiljøloven|forskrift for tvisteløsningsnemnda|forskrift om tvisteløsningsnemnda	forskrift/2005-12-16-1569
forskrift om unntak fra arbeidsmiljøloven for visse typer arbeid og arbeidstakergrupper|forskrift om unntak fra arbeidsmiljøloven - visse typer arbeid	forskrift/2005-12-16-1567
forskrift om unntak fra arbeidsmiljølovens arbeidstidsbestemmelser for polititjenestemenn mv|forskrift om unntak fra arbeidsmiljøloven - polititjenstemenn	forskrift/2009-06-26-873
forskrift om urimelig handelspraksis	forskrift/2009-06-01-565
forskrift om utforming og innretning av arbeidsplasser og arbeidslokaler|arbeidsplassforskriften	forskrift/2011-12-06-1356
forskrift om utfyllende bestemmelser - offentlige arkiver	forskrift/1999-12-01-1566
forskrift om utførelse av arbeid, bruk av arbeidsutstyr og tilhørende tekniske krav|forskrift om utførelse av arbeid	forskrift/2011-12-06-1357
forskrift om utføring av aktiviteter i petroleumsvirksomheten|aktivitetsforskriften	forskrift/2010-04-29-613
forskrift om utlendingers adgang til riket og deres opphold her|utlendingsforskriften	forskrift/2009-10-15-1286
forskrift om utmåling og lempning av overtredelsesgebyr|forskrift om overtredelsesgebyr	forskrift/2005-08-22-909
forskrift om utsendte arbeidstakere	forskrift/2005-12-16-1566
forskrift om utskrivning og verneplikt|vernepliktforskriften	forskrift/2010-12-10-1605
forskrift om utøvelse av fisket i sjøen	forskrift/2004-12-22-1878
forskrift om utøvelse av jakt, felling og fangst	forskrift/2002-03-22-313
forskrift om vaktvirksomhet	forskrift/2011-03-28-337
forskrift om valg til sametinget	forskrift/2008-12-19-1480
forskrift om vannforsyning og drikkevann|drikkevannsforskriften	forskrift/2001-12-04-1372
forskrift om vederlag for tannhelsetjenester	forskrift/1984-05-24-1268
forskrift om velferd for småfe	forskrift/2005-02-18-160
forskrift om ventelisteregistrering	forskrift/2000-12-07-1233
forskrift om voldsoffererstatning|voldsoffererstatningsforskriften|voldsofferforskriften	forskrift/1981-01-23-8983
forskrift om yrkessykdommer, klimasykdommer og epidemiske sykdommer som skal likestilles med yrkessk|yrkessykdomsforskriften	forskrift/1997-03-11-220
forskrift om årsregnskap og årsberetning	forskrift/2000-12-15-1424
forskrift om økonomisk og teknisk rapportering|forskrift nr 302	forskrift/1999-03-11-302
forskrift til forsikringsvirksomhetsloven	forskrift/2006-06-30-869
forskrift til forvaltningsloven|forvaltningslovforskriften	forskrift/2006-12-15-1456
forskrift til inkassoloven m.m|forskrift til inkassoloven|inkassoforskriften	forskrift/1989-07-14-562
forskrift til lov om fri rettshjelp|forskrift om fri rettshjelp|rettshjelpsforskriften|rettshjelpforskriften	forskrift/2005-12-12-1443
forskrift til lov om kirkegårder, kremasjon og gravferd|gravferdsforskriften	forskrift/1997-01-10-16
forskrift til lov om straffegjennomføring|forskrift om straffegjennomføring|straffegjennomføringsforskriften	forskrift/2002-02-22-183
forskrift til lov om toll og vareførsel|tolllovforskriften|tollforskriften	forskrift/2008-12-17-1502
forskrift til lov om yrkesskadeforsikring|yrkesskadeforskriften	forskrift/1989-10-13-1041
forskrift til merverdiavgiftsloven|merverdiavgiftsforskriften|fmval|fmva|fmva	forskrift/2009-12-15-1540
forskrift til offentleglova|offentlegforskrifta	forskrift/2008-10-17-1119
forskrift til patentloven|patentforskriften	forskrift/2007-12-14-1417
forskrift til privatskolelova	forskrift/2006-07-14-932
forskrift til skatteloven|skattelovsforskriften|skattelovforskriften|fsfin	forskrift/1999-11-19-1158
forskrift til sosialtjenesteloven|sosialtjenesteforskriften	forskrift/1992-12-04-915
forskrift til tjenestemannsloven	forskrift/1983-11-11-1608
forskrift til tvisteloven|tvistelovforskriften	forskrift/2007-12-21-1605
forskrift til utfylling og gjennomføring mv av regnskapsloven|forskrift til regnskapsloven|regnskapsforskriften	forskrift/2006-09-07-1062
forskrift til utfylling og gjennomføring mv av skattebetalingsloven|skattebetalingsforskriften	forskrift/2007-12-21-1766
forskrift til utfylling og gjennomføring mv av skatteloven|skattedirektoratets skatteforskrift|skatteforskriften|fssd	forskrift/1999-11-22-1160
forskrift til varemerkeloven|varemerkeforskriften	forskrift/2010-06-25-937
forskrift til verdipapirfondloven	forskrift/2011-12-21-1467
forskrift til verdipapirhandelloven|verdipapirforskriften|vphf	forskrift/2007-06-29-876
forskrift til åndsverksloven|forskrift til åndsverkloven|åndsverksforskriften|åndsverkforskriften	forskrift/2001-12-21-1563
forskrifter til gjennomføring av haag-konvensjonen	forskrift/1978-06-02-7
forsynings- og beredskapstiltaksloven|beredskapstiltaksloven	lov/1956-12-14-7
forurensningsloven|forurensingsloven|forureiningslova|forurl|fl	lov/1981-03-13-6
forvaltningslovens ikrafttredelseslov|forvaltningslov ikrafttredelseslov|forvaltningslovens ikrl	lov/1969-06-19-54
forvaltningsloven|forvaltingsloven|fvl	lov/1967-02-10
forvaringsforskriften	forskrift/2004-03-05-481
framhaldsskuleloven	lov/1946-11-08-1
friluftsloven|frill|fril	lov/1957-06-28-16
fråhaldsforskrifta	forskrift/2006-10-16-1160
genteknologiloven|gentl	lov/1993-04-02-38
gjeldsordningsloven|gol	lov/1992-07-17-99
gjenreisningsloven	lov/1946-07-19-21
grannegjerdelova|gjerdeloven	lov/1961-05-05
granneloven|grannelova|naboloven|naboloven|nabol	lov/1961-06-16-15
grunnloven|grundloven|grdl|grl	lov/1814-05-17
gymnasloven	lov/1964-06-12-2
haandverkslova 	lov/1913-07-25-11
handyrloven	lov/1919-07-04-1
heimevernsloven|heimevernloven	lov/1953-07-17-28
helse- og sosialberedskapsloven|sosialberedskapsloven|helseberedskapsloven|hlsberedskl	lov/2000-06-23-56
hermetikkavgiftsloven	lov/1984-06-08-52
husrekvireringsloven|husrekvisisjonsloven	lov/1946-07-19-20
industrikonsesjonsloven|koncessionsloven	lov/1917-12-14-16
inkassoloven|inkassol|il	lov/1988-05-13-26
instruks for føring av fangstdagbok	forskrift/2005-03-01-1832
instruks for politiets sikkerhetstjeneste|pst-instruksen	forskrift/2005-08-19-920
instruks for stortingets ombudsmann for forvaltningen	forskrift/1980-02-19-9862
instruks om forsvarets bistand til politiet	forskrift/2003-02-28-220
isbjørnfangstloven	lov/1957-03-22-4
jernbaneansvarsloven|jernbaneansvarslova|jernbaneansvarloven|jernbaneansvarlova	lov/1977-06-10-73
jernbaneloven	lov/1993-06-11-100
jernbanepassasjerrettighetsforskriften	forskrift/2010-09-03-1241
jordkonsesjonsloven	lov/1920-12-10-3
jordskifteloven|jskl	lov/2013-06-21-100|lov/1979-12-21-77
kjøretøyforskriften	forskrift/1994-10-04-918
kommissionsloven|kommisjonsloven	lov/1916-06-30-1
kommunehelsetjenesteloven|kommunehelseloven|khtl|khl	lov/1982-11-19-66
konfliktrådsloven|konfliktrådloven	lov/2014-06-20-49|lov/1991-03-15-3
konkurslovgivningens ikrafttredelseslov|konkurslovens ikrafttredelseslov|konkurslov ikrafttredelseslov|konkurslovgivningens ikrl	lov/1984-06-08-60
kontrollforskriften	forskrift/2008-12-22-1621
konvensjon om arv og dødsboskifte	lov/1934-11-19
konvensjon om dommer	lov/1932-03-16
konvensjon om forelding i internasjonale|lov om foreldelse av fordringer|konvensjon om forelding av kjøp|foreldingskonvensjon|new york-konvensjon|new york konvensjon|foreldelsesloven|foreldingslova|fel	lov/1979-05-18-18
konvensjon om forkynnelse i utlandet	lov/1965-11-15
konvensjon om konkurs|konkurskonvensjonen	lov/1933-11-07
konvensjon om kvinnediskriminering|barnekonvensjon|den europeiske menneskerettskonvensjon|fn-konvensjonen om sivile|fn-konvensjonen om økonomiske|menneskerettsloven|menneskerettskonvensjonen|menneskerettighetsloven|menneskerettighetskonvensjon|lov om styrking av menneskerettighetene|kvinnekonvensjon|kvinnediskrimineringskonvensjon|konvensjon om økonomiske|konvensjon om sivile|fn-konvensjon om sivile|konvensjon om barnets rettigheter|konvensjonen om økonomiske|konvensjonen om sivile|fn-konvensjon om økonomiske|kdkn|oskn|emkn|kdk|spn|osk|emk|bkn|sp|bk|mrl	lov/1999-05-21-30
konvensjon om sivilprosess	lov/1954-03-01
konvensjon om underholdsbidrag	lov/1962-03-23
kosmetikkforskriften	forskrift/1995-10-26-871
kraftf<03>orloven|kraftforloven	lov/1924-06-27-3
kretsmønsterloven	lov/1990-06-15-27
krigsskadeerstatningsloven	lov/1953-07-17-2
krigsskadeloven	lov/1946-07-19-19
krigsskadestønadsloven	lov/1954-11-26-3
kristendomslærelov for høyere skoler	lov/1971-12-17-106
kulturminneloven|kml	lov/1978-06-09-50
kunngjøring av grunnlovsbestemmelser om endringer av grunnloven ## 17, 49,	forskrift/2007-03-30-365
landkommuneloven	lov/1921-09-30-2
landsfolkeskoleloven	lov/1936-07-16-8
landslottloven	lov/1930-03-14
landssvikanordningen	lov/1944-12-15
legemiddelloven|legeml	lov/1992-12-04-132
ligningsloven|likningsloven|lignl	lov/1980-06-13-24
likbehandlingsloven	lov/1898-06-04
likestillingsloven|lstl	lov/1978-06-09-45
linjekonferanseloven	lov/1984-06-08-55
lostjenesteloven|losloven	lov/1989-06-16-59
lov ang assuranceforeninger	lov/1839-08-09-1
lov ang bruksrettigheter	lov/1857-05-23
lov ang huusmandsvæsenet	lov/1851-09-24-1
lov ang trygd mot arbeidsløyse	lov/1938-06-24-8
lov angaaende skreifiskerierne i lofoten|lofotloven	lov/1897-08-06-4
lov angående udredelse af de omkostninger, som politiopsynet	lov/1842-08-20-1
lov om 1 og 17 mai	lov/1947-04-26-1
lov om adgang til rekvisisjon av skip	lov/1952-12-19-2
lov om adgangen til visse områder	lov/1940-03-07-1
lov om aktiebanker|aktiebankloven	lov/1924-04-04-2
lov om akvakultur|akvakulturloven	lov/2005-06-17-79
lov om aldersgrenser for off tjenestemen|aldersgrenseloven	lov/1956-12-21-1
lov om alderstrygd	lov/1936-07-16-10
lov om alkoholvarer på svalbard	lov/1928-05-29-7
lov om allmennaksjeselskaper|allmennaksjeloven|almennaksjeloven|asal	lov/1997-06-13-45
lov om allmenngjøring av bestemmelser i tariffavtale	lov/1996-08-23-63
lov om allmenngjøring av tariffavtaler|allmenngjøringsloven|lov om tariffavtaler|almenngjøringsloven|tariffavtaleloven	lov/1993-06-04-58
lov om alternativ behandling av sykdom mv|alternativbehandlingsloven|albhl	lov/2003-06-27-64
lov om anke til trygderetten|trygderettsloven|ankeloven|trrl|trl	lov/1966-12-16-9
lov om anlegg av skytebaner m statsbidrag	lov/1897-08-03-10
lov om anstalter og hjem for epileptikere	lov/1949-07-28-4
lov om ansvarlige selskaper|selskapsloven|sel	lov/1985-06-21-83
lov om apotek|apotekloven|apotl	lov/2000-06-02-39
lov om arbeiderbeskyttelse|arbeiderbeskyttelsesloven|arbeidsbeskyttelsesloven|fabrikktilsynsloven	lov/1915-09-18
lov om arbeids- og velferdsforvaltningen|velferdsforvaltningsloven|nav-loven|navl	lov/2006-06-16-20
lov om arbeidsmarkedstjenester|arbeidsmarkedsloven|arml|arbml	lov/2004-12-10-76
lov om arbeidsmiljø, arbeidstid og stillingsvern mv|arbeidsmiljøloven|aml	lov/2005-06-17-62
lov om arbeidstvister	lov/2012-01-27-9
lov om arkiv|arkivloven|arkl	lov/1992-12-04-126
lov om arv|arveloven|arvelova|arvel|arvl|al	lov/1972-03-03-5
lov om atomenergivirksomhet|atomenergiloven	lov/1972-05-12-28
lov om autorisasjon av regnskapsførere|regnskapsførerloven	lov/1993-06-18-109
lov om avgift av kull mv fra svalbard	lov/1925-07-17-2
lov om avgift for utøvende kunstnere	lov/1956-12-14-4
lov om avgift på byggevirksomhet mm	lov/1952-06-28-3
lov om avgift på forestillinger mv	lov/1966-06-10-3
lov om avgift på utslipp av co2|co2-loven	lov/1990-12-21-72
lov om avgift til det norske komponistfond	lov/1965-04-09-1
lov om avgifter vedørerende motorkjøretøyer|motorvognavgiftsloven|båtavgiftsloven|mbal|mal	lov/1959-06-19-2
lov om avgrensing i retten til beite	lov/1970-03-06-5
lov om avhending av fast eigedom|avhendelsesloven|avhendingslova|avhendl|avh.l|avhl	lov/1992-07-03-93
lov om avlivning av husdyr	lov/1929-06-21-7
lov om avtalar med forbrukar om oppføring av ny bustad|bustadsoppføringsloven|bustadsoppføringslova|bustadoppføringsloven|boligoppføringsloven|bustadoppføringslova	lov/1997-06-13-43
lov om avtale mellom norge og kina	lov/1985-05-03-24
lov om avtalefestet pensjon for apoteketaten	lov/1994-07-01-49
lov om avtalefestet pensjon for medlemmer av statens pensjonskasse	lov/2010-06-25-28
lov om barn i ekteskap|ektebarnsloven|ektebarnloven|ektebornloven	lov/1915-04-10-6
lov om barn utanom ekteskap|uektebornloven|uektebarnloven	lov/1915-04-10-3
lov om barnehager|barnehageloven	lov/2005-06-17-64
lov om barneombud|barneombudsloven	lov/1981-03-06-5
lov om barnetrygd|barnetrygdloven	lov/2002-03-08-4
lov om barnevernstjenester|lov om barneverntjenester|barneverntjenesteloven|lov om barnevern|barnevernsloven|barnevernloven|bvtjl|bvl	lov/1992-07-17-100
lov om behandling av etikk og redelighet i forskning|forskningsetikkloven	lov/2006-06-30-56
lov om behandling av helseopplysninger ved ytelse av helsehjelp|pasientjournalloven	lov/2014-06-20-42
lov om behandling av opplysninger i politiet og påtalemyndigheten|politiregisterloven	lov/2010-05-28-16
lov om beredskapslagring av petroleumsprodukt	lov/2006-08-18-61
lov om beskatning av bankinnskudd	lov/1936-01-24
lov om beskyttelse av design|designloven	lov/2003-03-14-15
lov om beskyttelse av varemerker|varemerkeloven	lov/2010-03-26-8
lov om betaling og innkreving av skatte- og avgiftskrav|lov om betaling og innkreving av skatt|skattebetalingsloven|skattebetl|sktbl	lov/2005-06-17-67
lov om betalingssystem|betalingssystemloven	lov/1999-12-17-95
lov om betinget skattefritakelse	lov/1947-02-21-5
lov om bidragsforskudd|lov om bidragsforskott|forskotteringsloven|forskutteringsloven	lov/1989-02-17-2
lov om biobanker|biobankloven	lov/2003-02-21-12
lov om boikott|boikottloven	lov/1947-12-05-1
lov om bokføring|bokføringsloven|bokfl	lov/2004-11-19-73
lov om boligforholdene|boligloven	lov/1918-07-12-1
lov om born i ekteskap|biel	lov/1956-12-21-9
lov om born utanom ekteskap|buel	lov/1956-12-21-10
lov om bouvet, peter i's øy og dr maud l	lov/1930-02-27-3
lov om brann- og eksplosjonsvern|eksplosjonsvernloven|eksplosjonvernloven|brannvernloven|brannloven|brannl	lov/2002-06-14-20
lov om brannfarlige varer|brannfarlighetsloven|brannfarligvareloven	lov/1971-05-21-47
lov om brannvesenet	lov/1908-08-15-4
lov om brudvigjing i utlandet	lov/1955-06-30-20
lov om bruksrettigheter	lov/1874-05-23
lov om brukthandel|brukthandellova	lov/1999-12-22-105
lov om burettslag|borettslagsloven|burettslagslova|burettslova	lov/2003-06-06-39
lov om bustadbyggjelag|lov om boligbyggelag|bustadbyggjelagslova|boligbyggelagsloven	lov/2003-06-06-38
lov om bygging og drift av elektriske anlegg	lov/1969-06-19-65
lov om bygningsvæsenet i kristiania	lov/1875-06-05
lov om cancelliplacat	lov/1795-04-10
lov om den norske kirke|kirkeloven	lov/1996-06-07-31
lov om deponering i gjeldshøve|deponeringsloven	lov/1939-02-17-2
lov om diskriminering i internasj skipsfart	lov/1967-07-07-1
lov om dokumentavgift|dokumentavgiftsloven|dal	lov/1975-12-12-59
lov om domstolene|domstolsloven|domstolloven|dstlsl|dstll|dstl|dl	lov/1915-08-13-5
lov om driftskreditt for jordbruket	lov/1946-07-19-2
lov om dyrevelferd|dyrevelferdsloven	lov/2009-06-19-97
lov om e-pengeforetak|e-pengeforetaksloven|e-pengeloven	lov/2002-12-13-74
lov om eiendomsmegling|eiendomsmeglingsloven|eiendomsmeglerloven|emgll	lov/2007-06-29-73
lov om eierseksjoner|eierseksjonsloven|eigarseksjonslova	lov/1997-05-23-31
lov om eigedomsregistrering|lov om eiendomsregistrering|eiendomsregistreringsloven|eigedomsregistreringsloven|eigedomsregistreringslova|matrikkelloven|matrikkellova	lov/2005-06-17-101
lov om eksplosive varer|eksplosivloven	lov/1974-06-14-39
lov om eksportavgift på fiskevarer	lov/2000-07-07-68
lov om ekspropriasjon og byggeforbud	lov/1946-07-19-17
lov om ekteskapslovendringer	lov/1937-06-25-13
lov om ekteskap|ekteskapsloven|el	lov/1991-07-04-47
lov om elektronisk kommunikasjon|ekomloven	lov/2003-07-04-83
lov om elektronisk signatur|e-signaturloven|esignaturloven|signaturloven	lov/2001-06-15-81
lov om elsertifikater|elsertifikatloven	lov/2011-06-24-39
lov om endr i banklovgivningen mm	lov/1983-04-15-19
lov om endring i yrkesskadetrygdloven	lov/1973-06-08-52
lov om endringer i rettergangslovgivning	lov/1986-06-27-48
lov om endringer i yrkesskadetrygdloven	lov/1963-04-26-3
lov om endringer ved gudstjenesten mm	lov/1913-07-25-1
lov om endringskonvensjon om konnossement	lov/1983-05-27-28
lov om enerett til firma og andre forretningskjennetegn|foretaksnavneloven|foretaksnavnloven|firmaloven|firmal	lov/1985-06-21-79
lov om enkje- og morstrygd	lov/1964-06-20-1
lov om erstatning for rekvirerte skip	lov/1946-07-19-15
lov om erstatning ved pasientskader mv|pasientskadeerstatningsloven|pasientskadeloven|passkl	lov/2001-06-15-53
lov om erverv og utvinning av mineralressurser|mineralloven|mineralloven	lov/2009-06-19-101
lov om etablering av leiligheter	lov/1976-05-28-36
lov om etablering og gjennomføring av psykisk helsevern|lov om psykisk helsevern|psykisk helsevernloven|helsevernloven|phvl	lov/1999-07-02-62
lov om etterretningstjenesten|etterretningsloven	lov/1998-03-20-11
lov om europeisk meldeplikt for tekniske regler|eøs-høringsloven	lov/2004-12-17-101
lov om europeiske samvirkeforetak|sce-loven	lov/2006-06-30-50
lov om europeiske selskaper ved gjennomføring av eøs-avtalen|se-loven	lov/2005-04-01-14
lov om fagskoleutdanning|fagskoleloven	lov/2003-06-20-56
lov om familievernkontorer|familievernkontorloven	lov/1997-06-19-62
lov om fangst av bardehval	lov/1935-06-14-4
lov om fastsetjing og endring av kommune- og fylkesgrenser|inndelingslova*	lov/2001-06-15-70
lov om felles regler for det indre marked for naturgass|naturgassloven	lov/2002-06-28-61
lov om ferie for fiskere	lov/1972-06-16-43
lov om finansavtaler og finansoppdrag|finansavtaleloven	lov/1999-06-25-46
lov om finansiell sikkerhetsstillelse	lov/2004-03-26-17
lov om fiske med sprengstoff	lov/1935-03-29
lov om fiskerett i tanavassdraget	lov/1888-06-23-1
lov om flagging på kommunale bygninger	lov/1933-06-29-2
lov om folkehelsearbeid|folkehelseloven|fhl	lov/2011-06-24-29
lov om folkehøyskoler|folkehøgskoleloven|folkehøyskoleloven	lov/2002-12-06-72
lov om folkeregistrering|folkeregistreringsloven|folkeregisterloven|folkeregl	lov/1970-01-16-1
lov om folkeskolen for kjøbstæderne	lov/1889-06-26-2
lov om folkeskolen paa landet	lov/1889-06-26-1
lov om folketannrøkt	lov/1949-07-28-10
lov om folketrygdfondet	lov/2007-06-29-44
lov om folketrygd|folketrygdeloven|folketrygdloven|ftrl|ftl	lov/1997-02-28-19
lov om forandring av rikets inddelingsna	lov/1918-08-14-1
lov om forbod mot samkvem med fienden	lov/1950-12-15-3
lov om forbrukerkjøp|forbrukerkjøpsloven|forbrkjl	lov/2002-06-21-34
lov om forbud mot at utlendinger driver fiske|fiskeriforbudsloven|fiskerigrenseloven	lov/1966-06-17-19
lov om forbud mot diskriminering på grunn av etnisitet, religion|konvensjon om rasediskriminering|rasediskrimineringskonvensjon|rasediskrimineringsloven|diskrimineringsloven|dsketnl	lov/2005-06-03-33
lov om forbud mot diskriminering på grunn av nedsatt funksjonsevne|diskriminerings- og tilgjengelighetsloven|funksjonsevnediskrimineringsloven|tilgjengelighetsloven|tilgjengelighetsloven	lov/2008-06-20-42
lov om forbud mot fallskjermhopping	lov/1987-06-12-57
lov om forbud mot forsendelse av brændevin	lov/1917-05-25-1
lov om forbud mot frakt av våpen mm	lov/1937-04-16
lov om forbud mot prispåslag ved videresalg av billetter	lov/2007-06-29-86
lov om forbud mot profesjonell boksing	lov/1981-06-12-68
lov om fordringshavernes dekningsrett|dekningsrettsloven|dekningsloven|deknl|dknl	lov/1984-06-08-59
lov om forebyggende sikkerhetstjeneste|sikkerhetsloven	lov/1998-03-20-10
lov om foretakspensjon|foretakspensjonsloven	lov/2000-03-24-16
lov om forfatter- og kunstnerret	lov/1893-07-04
lov om forkjøpsrett til fiskeprodukter	lov/1956-03-23-1
lov om formidling av landsdekkende postsendinger|postloven	lov/1996-11-29-73
lov om fornybar energiproduksjon til havs|havenergilova	lov/2010-06-04-21
lov om forsikringsavtaler|forsikringsavtaleloven|fal	lov/1989-06-16-69
lov om forsikringsformidling|forsikringsformidlingsloven	lov/2005-06-10-41
lov om forsikringsselskaper, pensjonsforetak|forsikringsvirksomhetsloven	lov/2005-06-10-44
lov om forskningsavgift i landbruket	lov/1970-06-26-74
lov om forsorg for barn	lov/1915-04-10-2
lov om forsorgsvesenet|fattigloven	lov/1900-05-19-1
lov om forsvarshemmeligheter|forsvarshemmelighetsloven	lov/1914-08-18-3
lov om forsvunne personer	lov/1961-03-23-1
lov om forsøk i offentlig forvaltning|forsøksloven	lov/1992-06-26-87
lov om forsømte barn	lov/1896-06-06
lov om forsørgerstønad til skilte	lov/1971-12-17-119
lov om forsørgertrygd for barn	lov/1957-04-26-3
lov om forvaltning av naturens mangfold|naturmangfoldloven	lov/2009-06-19-100
lov om forvaltning av viltlevande marine ressursar|havressursloven|havressurslova	lov/2008-06-06-37
lov om fredning af lax og søørret m.v	lov/1891-06-20-2
lov om fredning av ferskfisk|lov om ørretfiske i mjøsa	lov/1933-06-02-2
lov om fremmede konsulers rettsstilling	lov/1932-06-17-2
lov om fri bevegelighet for arbeidstakere	lov/1992-11-27-112
lov om fri rettshjelp|rettshjelpsloven|rettshjelploven	lov/1980-06-13-35
lov om fristar og betalingsutsetjing	lov/1964-12-04-1
lov om fritaking for militærtjeneste|siviltjenesteloven|militærnekterloven|fritakingsloven|fritaksloven	lov/1965-03-19-3
lov om fritids- og småbåter|fritids- og småbåtloven|fritidsbåtloven|småbåtloven	lov/1998-06-26-47
lov om frittståande skolar|privatskolelova|friskolelova	lov/2003-07-04-84
lov om fullbyrding av nordiske straffedommer	lov/1963-11-15
lov om fylkeskommuners oppgaver i folkehelsearbeidet	lov/2009-06-19-65
lov om garantistillelse fra statoil asa	lov/2001-05-18-22
lov om geistlige lønninger|lønningslov	lov/1897-07-14-1
lov om gjeldsbrev|gjeldsbrevloven|gbl	lov/1939-02-17-1
lov om gjeldsordning for jordbrukere	lov/1934-06-29-12
lov om gjennomføring av europarådsavtale 1995-01-31	lov/1997-06-13-47
lov om gjennomføring av eøs-avtalen|eøs-gjennomføringslov|gjennomføringslov|eøs-loven|eøsl	lov/1992-11-27-109
lov om gjennomføring av nordiske konvensjoner	lov/1969-12-19-75
lov om gjennomføring av straff|straffegjennomføringsloven|strgjfl	lov/2001-05-18-21
lov om gjennomføring i norsk rett av den internasjonale straffedomstols vedtekter 17 juli 1998|lov om gjennomføring i norsk rett av roma-vedtektene	lov/2001-06-15-65
lov om gjennomføring og kontroll av eøs-avtalens konkurranseregler|eøs-konkurranseloven	lov/2004-03-05-11
lov om godkjenning av bilverksteder	lov/1947-10-17-2
lov om godkjenning av utenlandsk eksamen	lov/1949-07-08-4
lov om godtgjørelse for stortingsrepresentanter	lov/2011-12-16-61
lov om godtgjørelse til stortingsrepr	lov/1954-06-30-11
lov om godtroerverv av løsøre|godtroervervsloven|ekstinksjonsloven|godtroervervloven	lov/1978-06-02-37
lov om granskningskommisjon for gardermoen	lov/2000-06-16-42
lov om grunnfondsbevis i sparebanker	lov/1987-06-12-40
lov om handelsnæring	lov/1929-06-21-5
lov om handheving av det frie varebyttet innan eøs	lov/2005-03-04-12
lov om handverkarars rett til uhenta ting	lov/1953-05-29-1
lov om havner og farvann|farvannsloven|havneloven	lov/2009-04-17-19
lov om heleide dattersamvirkeforetak	lov/2003-12-12-109
lov om helligdager og helligdagsfred|helligdagsfredloven	lov/1995-02-24-12
lov om helseforetak|helseforetaksloven|hftl	lov/2001-06-15-93
lov om helsepersonell|helsepersonelloven|helsepersonell|hpl	lov/1999-07-02-64
lov om helseregistre og behandling av helseopplysninger|helseregisterloven|hregl	lov/2014-06-20-43|lov/2001-05-18-24
lov om helsesøstertjeneste	lov/1957-06-28-7
lov om hendelege eigedomshøve|hendelege eigedomshøveloven	lov/1969-04-10-17
lov om hevd|hevdsloven|hevdloven|hevdslova	lov/1966-12-09-1
lov om hittegods|hittegodsloven	lov/1953-05-29-3
lov om hjem som mottar åndssvake til pleie, vern og opplæring	lov/1949-07-28-5
lov om humanmedisinsk bruk av bioteknologi|lov om bioteknologi|bioteknologiloven|biotl	lov/2003-12-05-100
lov om hundehold|hundeloven	lov/2003-07-04-74
lov om husbanken|husbankloven|husbl	lov/2009-05-29-30
lov om husdyravl|husdyravlsloven	lov/1992-12-04-130
lov om husleieavtaler|husleieloven/husll|husleieloven|husll|husl	lov/1999-03-26-17
lov om hvalfangst	lov/1924-02-01
lov om håndverkertjenester|håndverkertjenesteloven|håndverkstjenesteloven|håndverktjenesteloven|hvtjl|htl	lov/1989-06-16-63
lov om høyere almenskoler	lov/1935-05-10
lov om individuell pensjonsordning	lov/2008-06-27-62
lov om infrastruktur for geografisk informasjon|geodataloven	lov/2010-09-03-56
lov om innenlands transport i eøs-avtalen	lov/1995-05-26-25
lov om innførsel og omsetning av brennevin	lov/1924-08-01-4
lov om innførsle og utførsleregulering	lov/1997-06-06-32
lov om innkreving av underholdsbidrag mv|bidragsinnkrevingsloven|innkrevningslov|innkrevingslov	lov/2005-04-29-20
lov om innovasjon norge|innovasjonsloven	lov/2003-12-19-130
lov om innskuddspensjon|innskuddspensjonsloven	lov/2000-11-24-81
lov om inspeksjoner av styrker i europa	lov/1992-05-29-50
lov om interkommunale selskaper	lov/1999-01-29-6
lov om internasjonal jernbanetrafikk	lov/2004-12-10-82
lov om internasjonale investeringstvister|investeringstvistloven	lov/1967-06-08-3
lov om internasjonale organisasjoner mv	lov/1947-06-19-5
lov om internasjonale sikkerhetsretter i mobilt løsøre	lov/2010-11-12-58
lov om introduksjonsordning for nyankomne innvandrere|introduksjonsloven	lov/2003-07-04-80
lov om investeringsfond i utviklingsland|norfund-loven	lov/1997-05-09-26
lov om iverksetjing av internasjonale, ikkje-militære tiltak	lov/2001-04-27-14
lov om jan mayen|mayen-loven|janml	lov/1930-02-27-2
lov om jords fredning|jordfredningsloven	lov/1860-05-16-2
lov om jord|jordloven|jordlova	lov/1995-05-12-23
lov om kirkegårder, kremasjon og gravferd|kirkegårdsloven|gravferdsloven	lov/1996-06-07-32
lov om kjønnslemlestelser|kjønnslemlestelsesloven	lov/1995-12-15-74
lov om kjøp|kjøpsloven|kjl	lov/1988-05-13-27
lov om kommunal beredskapsplikt|sivilbeskyttelsesloven	lov/2010-06-25-45
lov om kommunal forkjøpsrett til leiegårder|forkjøpsrettsloven|leiegårdsloven|forkjøpsloven|leiegårdloven	lov/1977-04-29-34
lov om kommunal renholdsavgift	lov/1928-06-08-1
lov om kommunale fiskenemnder	lov/1948-06-25-13
lov om kommunale helse- og omsorgstjenester|helse- og omsorgstjenesteloven|omsorgstjenesteloven|hotjl	lov/2011-06-24-30
lov om kommunale krisesentertilbod|krisesenterlova	lov/2009-06-19-44
lov om kommunale og fylkeskommunale eldreråd|eldrerådsloven|eldrerådslova	lov/1991-11-08-76
lov om kommunale vass- og avløpsanlegg|vann- og avløpsanleggsloven|vass- og avløpsanleggslova	lov/2012-03-16-12
lov om kommunale vass- og kloakkavgifter|vass- og kloakkavgiftsloven|vann- og kloakkavgiftsloven|kloakkavgiftsloven|vannavgiftsloven	lov/1974-05-31-17
lov om kommuner og fylkeskommuner|kommuneloven|kl|koml	lov/1992-09-25-107
lov om kompensasjon av merverdiavgift for kommuner|kompensasjonsloven	lov/2003-12-12-108
lov om kongens myndighetsalder	lov/1921-05-13-2
lov om konkurranse mellom foretak|konkurranseloven|krrl	lov/2004-03-05-12
lov om konkurs|konkursloven|konkursl|kkl	lov/1984-06-08-58
lov om konsesjon ved erverv av fast eiendom|konsesjonsloven	lov/2003-11-28-98
lov om kontantstøtte|kontantstøtteloven	lov/1998-06-26-41
lov om kontroll av post- og teletjenester	lov/1915-06-24-5
lov om kontroll med eksport av strategiske varer, tjenester og teknologi m.v|eksportkontrolloven|våpeneksportloven	lov/1987-12-18-93
lov om kontroll med etterretnings-, overvåkings-|lov om kontroll med hemmelige tjenester|eos-kontrolloven|eos-kontrolloven	lov/1995-02-03-7
lov om kontroll med markedsføring|markedsføringsloven|markedsføringloven|mfl	lov/2009-01-09-2
lov om konvensjon norge/sverige om reinbeite	lov/1985-03-29-16
lov om konvensjon om kjemiske våpen	lov/1994-05-06-10
lov om konvensjon om reingjerder	lov/1983-03-11-9
lov om konvensjonen mot antipersonellminer	lov/1998-07-17-54
lov om kornforvaltning|kornforvaltningsloven	lov/2000-01-21-7
lov om kosmetikk og kroppspleieprodukt|kosmetikklova|kosmetikkloven|kosml	lov/2005-12-21-126
lov om krigsdeltagelse i fremmed land	lov/1937-03-19-1
lov om krigsforbryterdomstol, jugoslavia	lov/1994-06-24-38
lov om krigspensjon for militære|militærloven|kpml	lov/1946-12-13-21
lov om krigspensjon for sivile mv|sivilloven|kpsl	lov/1946-12-13-22
lov om kringkasting|kringkastingsloven	lov/1992-12-04-127
lov om kvalitetskontroll med landbruksvarer	lov/1932-06-17-6
lov om kvoteplikt og handel med kvoter for utslipp av klimagasser|klimakvoteloven	lov/2004-12-17-99
lov om kystvakten|kystvaktloven	lov/1997-06-13-42
lov om lakse- og innlandsfisk mv|innlandsfiskeloven|innlandsfiskloven|laksefiskeloven|lakseloven	lov/1992-05-15-47
lov om landets forsyninger	lov/1917-05-14-5
lov om leilendingsgods tilhørende stamhus	lov/1888-06-23-3
lov om likestillings- og diskrimineringsombudet|diskrimineringsombudsloven	lov/2005-06-10-40
lov om lotterier mv|lotteriloven|lottl	lov/1995-02-24-11
lov om lovvalg i forsikring|forsikringslovvalgslov|forsikringslovvalglov	lov/1992-11-27-111
lov om luftfart|luftfartsloven|luftfartsloven	lov/1993-06-11-101
lov om lønnsnemnd i arbeidstvister	lov/2012-01-27-10
lov om lønnsplikt under permittering|permitteringslønnsloven|permitteringsloven	lov/1988-05-06-22
lov om løysingsrettar|løsningsrettsloven|løysingsrettslova|løsningsloven|løysingslova|løysl|løl	lov/1994-12-09-64
lov om matproduksjon og mattrygghet|matloven|matl	lov/2003-12-19-124
lov om matrikkelrevisjonen|matrikkelrevisjonsloven	lov/1863-06-06-1
lov om medisinsk og helsefaglig forskning|helseforskningsloven|helseforskningloven	lov/2008-06-20-44
lov om medisinsk utstyr|medisinsk utstyrsloven|medutstyrl	lov/1995-01-12-6
lov om megling i konfliktråd	lov/1991-03-15-3
lov om konfliktrådsbehandling	lov/2014-06-20-49
lov om mekling og rettergang i sivile tvister|lugano-konvensjonen 2005|luganokonvensjonen 2005|tvisteloven|tvistel|tvl	lov/2005-06-17-90
lov om meldeplikt ved nedlegging av næringsverksemd	lov/2008-06-06-38
lov om mellomfolkelege lausøyrekjøp|lov om mellomfolkelig løsørekjøp	lov/1964-04-03-1
lov om menighetsråd|menighetsrådsloven	lov/1920-12-03-4
lov om merking av forbruksvarer|merkeloven	lov/1981-12-18-90
lov om merkning på tunge kolli	lov/1932-04-22-1
lov om merverdiavgift|merverdiavgiftsloven|mval	lov/2009-06-19-58
lov om militær disiplinærmyndighet	lov/1988-05-20-32
lov om militære rekvisisjoner	lov/1951-06-29-19
lov om miljøvern på svalbard|svalbardmiljøloven	lov/2001-06-15-79
lov om motorferdsel i utmark og vassdrag|motorferdselsloven|motorferdselloven	lov/1977-06-10-82
lov om målbruk i offentleg teneste|målbruksloven|målbrukslova|mållova	lov/1980-04-11-5
lov om målenheter, måling og normaltid|målenhetloven	lov/2007-01-26-4
lov om møteplikt til stortinget	lov/1897-08-03-2
lov om naturområder i oslo og nærliggende kommuner|markaloven	lov/2009-06-05-35
lov om naturskadeforsikring|naturskadeforsikringsloven|naturskadeforsikringloven	lov/1989-06-16-70
lov om naturskade|naturskadeloven	lov/1994-03-25-7
lov om navigatører	lov/1936-02-07
lov om nordisk miljøvernkonvensjon	lov/1976-04-09-21
lov om nordisk vitneplikt	lov/1975-03-21-9
lov om nordiske privatrettslige dommer|tilleggslov til tvistemålsloven	lov/1977-06-10-71
lov om norges bank og pengevesenet|sentralbankloven	lov/1985-05-24-28
lov om norges krigsskaderåd	lov/1951-07-06-4
lov om norges territorialfarvann og tilstøtende sone	lov/2003-06-27-57
lov om norges økonomiske sone|økonomisk sonelov|lov om nøs|soneloven	lov/1976-12-17-91
lov om norsk lovtidend|lovtidend-loven	lov/1969-06-19-53
lov om norsk lysingsblad	lov/1946-10-11-1
lov om norsk skipsregister|nis-loven	lov/1987-06-12-48
lov om norsk statsborgerskap	lov/2005-06-10-51
lov om notarius publicus	lov/2002-04-26-12
lov om næringsberedskap|næringsberedskapsloven	lov/2011-12-16-65
lov om obligatorisk tjenestepensjon|tjenestepensjonsloven	lov/2005-12-21-124
lov om oecd-konvensjon mot bestikkelse	lov/1998-11-13-67
lov om offentlege styresmakters ansvar for kulturverksemd|kulturlova	lov/2007-06-29-89
lov om offentlig støtte	lov/1992-11-27-117
lov om offentlige anskaffelser|lov om offentlege anskaffelser|anskaffelsesloven	lov/1999-07-16-69
lov om omdanning av jernbaneverkets forretningsenhet baneservice|baneserviceloven	lov/2005-01-07-5
lov om omdanning av jernbaneverkets kommersielle televirksomhet|lov om banetele	lov/2001-06-15-87
lov om omdanning av kystverkets produksjonsvirksomhet til statsaksjeseskap|lov om kystverkets produksjonsvirksomhet	lov/2004-12-17-90
lov om omdanning av luftfartsverket til aksjeselskap	lov/2002-12-13-85
lov om omdanning av noregs kommunalbank til aksjeselskap	lov/1999-07-16-68
lov om omdanning av postbanken ba til aksjeselskap	lov/1999-06-18-42
lov om omdanning av statens vegvesens produksjonsvirksomhet	lov/2002-12-13-84
lov om omordning af det civile embedsver|omordningsloven	lov/1894-07-21-5
lov om omorganisering av statkraft sf	lov/2004-08-27-70
lov om omsetningsavgift av sjokolade mm	lov/1923-07-06-5
lov om omsetningsavgift på bildende kuns	lov/1948-11-04-1
lov om oppfinnelser av betydning for rikets forsvar|lov om forsvarsviktige oppfinnelser	lov/1953-06-26-8
lov om oppgaveregisteret	lov/1997-06-06-35
lov om oppgjør for skip|oppgjørsloven for skip	lov/1950-03-17-1
lov om opph av høifjeldsgrundloven	lov/1954-04-09-1
lov om opph av kommunalbankgarantifond	lov/1977-12-16-98
lov om opphavsrett|opphavsrettsloven|åndsverkloven|orl	lov/1961-05-12-2
lov om opphevelse av aksjegevinstskatteloven	lov/1991-07-20-58
lov om opphevelse av aksjeskatteloven	lov/1991-07-20-57
lov om opphevelse av avsetningslov/personlig	lov/1991-07-20-62
lov om opphevelse av avsetningslov/selskaper	lov/1991-07-20-63
lov om opphevelse av distriktsskatteloven	lov/1990-12-21-69
lov om opphevelse av eksportavgiftslov	lov/1994-06-24-23
lov om opphevelse av eldre lovbestemmelser	lov/1985-12-20-102
lov om opphevelse av fondsavsetningsloven	lov/1990-12-21-67
lov om opphevelse av foreldede lover	lov/1990-06-15-18
lov om opphevelse av landbruksbankloven	lov/1999-12-22-103
lov om opphevelse av lov 15 juni 1951	lov/1984-06-08-42
lov om opphevelse av lov 1971:110	lov/1992-04-10-36
lov om opphevelse av lov om bransjeråd	lov/1988-01-15-5
lov om opphevelse av pensjon for åremåls	lov/1982-05-21-29
lov om opphevelse av sjømannsskatteloven	lov/1988-06-17-51
lov om opphevelse av soknekommuner	lov/1950-12-15-8
lov om opphevelse av sparebankskatteloven	lov/1991-07-20-64
lov om oppheving av avgift på tran	lov/1976-05-21-31
lov om oppheving av bisykdomsloven	lov/2000-06-30-64
lov om oppheving av brevskulelova	lov/1992-06-19-57
lov om oppheving av folketrygdloven	lov/1976-02-13-1
lov om oppheving av landbruksskolelover	lov/1989-06-16-78
lov om oppheving av lov 19 juni 1970 nr 55 om prisutjevning	lov/2005-05-13-27
lov om oppheving av lov om norges fisker	lov/1988-05-20-31
lov om oppheving av lov om unge lovbrytar	lov/1975-04-04-12
lov om opplysningsplikt og angrerett|angrerettsloven|angrerettloven	lov/2000-12-21-105
lov om opplysningsvesenets fond|opplysningsvesenetsloven	lov/1996-06-07-33
lov om oppløsning av stamhuset ekeberg	lov/2005-12-21-129
lov om oppskyting i verdensrommet	lov/1969-06-13-38
lov om organisasjonsrett	lov/1951-12-14-4
lov om organisert kampaktivitet som tillater knockout|lov om knockout|knockoutloven	lov/2001-06-15-73
lov om overføring av domfelte|overføringsloven	lov/1991-07-20-67
lov om overføring av rettigheter og forpliktelser ved omklassifisering	lov/2009-06-19-109
lov om overtakelse av formuesposisjoner	lov/2003-09-12-94
lov om pakkereiser|pakkereiseloven	lov/1995-08-25-57
lov om pasient- og brukerrettigheter|pasient- og brukerrettighetsloven|lov om pasientrettigheter|pasientrettighetsloven|brukerrettighetsloven|brukerrettighetsloven|pasrl|pbrl	lov/1999-07-02-63
lov om pass|passloven|passl	lov/1997-06-19-82
lov om pengespill mv|pengespilloven	lov/1992-08-28-103
lov om pensjon for ledsager i utenrikstjenesten	lov/1999-01-15-1
lov om pensjonering av befal mv	lov/1957-05-03
lov om pensjonsordning for apoteketaten	lov/1953-06-26-11
lov om pensjonsordning for oppdragstaker i statlig beredskaps	lov/2010-02-12-4
lov om pensjonsordning for sivilombudsmannen	lov/1966-05-06
lov om pensjonsordning for stortingsrepresentanter	lov/2011-12-16-60
lov om pensjonsrettigheter innen eøs	lov/2001-12-14-95
lov om pensjonstrygd for fiskere|fiskerpensjonsloven	lov/1957-06-28-12
lov om perlefiskeriet	lov/1845-06-07
lov om personell i forsvaret|forsvarspersonelloven	lov/2004-07-02-59
lov om personnavn|navneloven	lov/2002-06-07-19
lov om personopplysninger|personopplysningsloven|pol	lov/2018-06-15-38|lov/2000-04-14-31
lov om petroleumsvirksomhet|petroleumsvirksomhetsloven|petroleumsloven|petrl	lov/1996-11-29-72
lov om planlegging og byggesaksbehandling|plan- og bygningsloven|bygningsloven|bygningsloven|plbl|pbl	lov/2008-06-27-71
lov om planteforedlerrett|planteforedlerrettsloven|planteforedlerrettloven|planteforedlerloven	lov/1993-03-12-32
lov om pliktmessig avhold|avholdspliktloven	lov/1936-07-16-2
lov om politiet|politiloven	lov/1995-08-04-53
lov om politimyndighet i forsvaret	lov/1988-05-20-33
lov om prisregler for jern og stål	lov/1974-06-07-22
lov om prisregulering ved import av fisk og fiskevarer|lov om prisregulering ved fiskeimport	lov/1993-06-11-73
lov om pristiltak|pristiltaksloven	lov/1993-06-11-66
lov om produksjon mv av agn	lov/1949-07-08-13
lov om pågripelse og overlevering mellom de nordiske|lov om nordisk arrestordre|arrestordreloven	lov/2008-09-19-77
lov om pågriping og overlevering	lov/2012-01-20-4
lov om ratifikasjon av luganokonvensjonen 2007	lov/2009-06-19-79
lov om redaksjonell fridom i media|mediefridomslova	lov/2008-06-13-41
lov om rederes opplysningsplikt til utlandet	lov/1967-06-16-3
lov om register for frivillig virksomhet|frivillighetsregisterloven	lov/2007-06-29-88
lov om register over opplysninger om valutaveksling|valutaregisterloven	lov/2004-05-28-29
lov om registrering av finansielle instrumenter|verdipapirregisterloven	lov/2002-07-05-64
lov om registrering av fiskefartøyer	lov/1917-12-05-1
lov om registrering av foretak|foretaksregisterloven|handelsregisterloven|fregl	lov/1985-06-21-78
lov om registrering av import og leveranser av råolje i eøs	lov/1999-06-25-54
lov om registrering av innsamlinger|insamlingsloven	lov/2007-06-29-87
lov om registrering av kraftledninger|kraftledningsregisterloven	lov/1927-07-01-1
lov om regulering av byggje- og anleggsverksemd	lov/1996-03-22-16
lov om regulering av svine- og fjørfeproduksjon	lov/2004-01-16-5
lov om regulerte markeder|børsloven	lov/2007-06-29-74
lov om reinbeite mellom norge og sverige|reinbeiteloven	lov/1972-06-09-31
lov om reindrift i visse kommuner	lov/1984-12-21-101
lov om reindrift|reindriftsloven|reindriftsloven|reindriftsloven	lov/2007-06-15-40
lov om reingjerder mellom norge og finland	lov/1983-03-11-8
lov om reisereservasjonssystemer	lov/2000-06-23-54
lov om renter ved forsinket betaling|lov om rente ved forsinket betaling|lov om forsinket betaling|lov om forsinkelsesrente|forsinkelsesrenteloven|forseinkingsrentelova|forsinkelsesloven|morarenteloven|rl	lov/1976-12-17-100
lov om rett til felles bolig og innbo|husstandsfellesskapsloven|samboerloven	lov/1991-07-04-45
lov om rett til innsyn i dokument i offentleg verksemd|offentlighetsloven|offentleglova|offl	lov/2006-05-19-16
lov om rett til miljøinformasjon|miljøinformasjonsloven|mil	lov/2003-05-09-31
lov om retten til å delta i fiske og fangst|deltakerloven|deltakarlova	lov/1999-03-26-15
lov om rettergangsendringer	lov/1964-12-04-2
lov om rettergangsmåten i riksrettssaker|riksrettergangsloven	lov/1932-02-05-2
lov om rettsforhold og forvaltning av grunn og naturressurser|finnmarksloven	lov/2005-06-17-85
lov om riksrevisjonen|riksrevisjonsloven	lov/2004-05-07-21
lov om råd eller anna representasjonsordning i kommunar	lov/2005-06-17-58
lov om salg av tidsparter i fritidsbolig	lov/1997-06-13-37
lov om sammenslutning av oslo og aker	lov/1947-07-11-8
lov om samvirkeforetak|samvirkelova	lov/2007-06-29-81
lov om schengen informasjonssystem|sis-loven|sisloven	lov/1999-07-16-66
lov om serveringsvirksomhet|serveringsloven 	lov/1997-06-13-55
lov om sikre containere	lov/1982-12-17-84
lov om sikringsordninger for banker|banksikringsloven	lov/1996-12-06-75
lov om skadeserstatning|skadeserstatningsloven|skadeerstatningsloven|erstatningsloven|skadebotlova|erstl|skl	lov/1969-06-13-26
lov om skatt av formue og inntekt|midl tilleggslov til skatteloven|skatteloven|sktl	lov/1999-03-26-14
lov om skatt på forestillinger mv	lov/1917-07-18-1
lov om skatt på honorar til utenlandske artister|artistskatteloven	lov/1996-12-13-87
lov om skatt til svalbard|svalbardskatteloven	lov/1996-11-29-68
lov om skatteforvaltning|skatteforvaltningsloven|sktfvl	lov/2016-05-27-14
lov om skattlegging av personer på jan mayen|jan mayen skatteloven|jan mayen-skatteloven|mayen-skatteloven	lov/1996-11-29-69
lov om skifte|skifteloven|sl	lov/1930-02-21
lov om skipsmaskinister	lov/1960-06-02-27
lov om skipssikkerhet|skipssikkerhetsloven	lov/2007-02-16-9
lov om skogbruk|skogbruksloven|skogbrukslova	lov/2005-05-27-31
lov om skogsdrift i statsallmenningene|statsallmenningsloven|allmenningsloven	lov/1992-06-19-60
lov om skogvern|skogvernlov	lov/1932-02-12
lov om skytevåpen og ammunisjon|våpenloven	lov/1961-06-09-1
lov om sosiale tjenester i arbeids- og velferdsforvaltningen	lov/2009-12-18-131
lov om sosiale tjenester|lov om sosialtjenester|sosialtjenesteloven|sostjl|sostjel	lov/1991-12-13-81
lov om spesialisthelsetjenesten|spesialisthelsetjenesteloven|speshtjl	lov/1999-07-02-61
lov om stamhusene rosendal og jarlsberg	lov/1927-07-04-11
lov om statens finansfond|finansfondsloven|finansfond-loven|finansfond-loven|finansfondloven	lov/2009-03-06-12
lov om statens obligasjonsfond|obligasjonsfondsloven|obligasjonsfond-loven|obligasjonsfondloven	lov/2009-03-06-13
lov om statens oppkrevere mv	lov/1958-03-28-4
lov om statens pensjonsfond	lov/2005-12-21-123
lov om statens premieobligasjonslån|premieobligasjonsloven	lov/1924-06-13-4
lov om statens tjenestemenn|tjenestemannsloven|tjenestemannsloven|tjml	lov/1983-03-04-3
lov om statens utleiebygg as	lov/2000-02-18-11
lov om statleg varekrigsforsikring	lov/2003-12-12-115
lov om statlig naturoppsyn|naturoppsynsloven	lov/1996-06-21-38
lov om statlig tilsyn med helsetjenesten|helsetilsynsloven|htilsl	lov/1984-03-30-15
lov om statsbanenes pensjonskasse|lov om statens pensjonskasse|statens pensjonskasselov|statpl	lov/1949-07-28-26
lov om statsbidrag til skytebaner|skytebaneloven	lov/1974-04-05-14
lov om statsgaranti for lønnskrav|lønnsgarantiloven|lgl	lov/1973-12-14-61
lov om statstilskott til arbeidstakere som tar ut avtalefestet pensjon i privat sektor|afp-tilskottsloven	lov/2010-02-19-5
lov om stiftelser|stiftelsesloven	lov/2001-06-15-59
lov om stortingets granskningskommisjon for bankkrisen	lov/1998-01-16-6
lov om straff	lov/2005-05-20-28
lov om straff for internerte militære	lov/1916-03-17
lov om straff for smugling på andre land	lov/1926-06-25-4
lov om straff i riksrettssaker|ansvarlighetsloven	lov/1932-02-05-1
lov om strafferegistrering|strafferegistreringsloven	lov/1971-06-11-52
lov om stranding og vrag|vrakloven	lov/1893-07-20-2
lov om strålevern|strålevernloven	lov/2000-05-12-36
lov om studentsamskipnader|studentsamskipnadsloven	lov/2007-12-14-116
lov om styret for det industrielle retsv|styreloven	lov/1910-07-02-7
lov om supplerande stønad til personar med kort butid	lov/2005-04-29-21
lov om svangerskapsavbrudd|svangerskapsavbruddsloven|abortloven|abl	lov/1975-06-13-50
lov om sykegymnaster mv	lov/1936-06-19-2
lov om særlige rådgjerder under krig|beredskapsloven|krigsloven	lov/1950-12-15-7
lov om særlige tiltak mot jugoslavia	lov/1999-06-25-43
lov om særlige tiltak mot republikken zimbabwe	lov/2003-06-27-58
lov om taugbaner og løipestrenger	lov/1912-06-14-1
lov om tekniske kontrollorgan	lov/1994-06-16-20
lov om televerket as	lov/1994-06-24-45
lov om tilleggsavgift på arv	lov/1947-07-30-4
lov om tilskott til livssynssamfunn	lov/1981-06-12-64
lov om tilsyn med elektriske anlegg|elektrisitetstilsynsloven	lov/1929-05-24-4
lov om tilsyn med erverv i dagspresse og kringkasting|medieeierskapsloven	lov/1997-06-13-53
lov om tiltak mot hvitvasking og terrorfinansiering|hvitvaskingsloven|hvitvaskingloven	lov/2009-03-06-11
lov om tilvirkning av æthylæther	lov/1898-12-19-3
lov om tinglysing|tinglysningsloven|tinglysingsloven|tgl	lov/1935-06-07-2
lov om tjenestemannsretten	lov/1933-07-06-12
lov om tjenesteplikt i politiet|polititjenesteloven	lov/1952-11-21-3
lov om tjenestevirksomhet|lov om tjenestevirksomhet|tjenesteloven|tjenesteloven	lov/2009-06-19-103
lov om tjenesteytelser/sjøtransport	lov/1992-12-04-121
lov om toll og vareførsel	lov/2007-12-21-119
lov om tomtefeste|tomtefesteloven|festeloven	lov/1996-12-20-106
lov om transplantasjon, obduksjon mv|transplantasjonsloven|obduksjonsloven|trpll	lov/1973-02-09-6
lov om trudomssamfunn og ymist anna|trossamfunnsloven	lov/1969-06-13-25
lov om tvangsfullbyrdelse|tvangsfullbyrdelsesloven|tvangsfullføringslova|tvangsloven|tvangsl|tvfbl|tvfl	lov/1992-06-26-86
lov om tvungen lønnsnemnd	lov/1958-06-13-1
lov om uføretrygd for militærpersoner	lov/1953-06-19-4
lov om ugyldighet ved rettshandler|midl lov om rettshandler	lov/1946-06-21-1
lov om ulykkesforsikring for fiskere	lov/1920-12-10-1
lov om ulykkestrygd for industriarbeidere	lov/1931-06-24-6
lov om ulykkestrygd for sjømenn|sjømannstrygdloven	lov/1931-06-24-11
lov om ulykkestrygd på svalbard	lov/1947-06-27-10
lov om umyndiggjørelse|umyndiggjørelsesloven|lov om umyndiggjøring|umyndiggjøringsloven	lov/1898-11-28
lov om undersjøiske naturforekomster|kontinentalsokkelloven|sokkelloven	lov/1963-06-21-12
lov om undersjøiske telegrafkabler	lov/1884-06-14-3
lov om unge lovbrytere	lov/1928-06-01-2
lov om universiteter og høyskoler|universitetsloven|høgskoleloven|høyskoleloven|univl	lov/2005-04-01-15
lov om universitetets lærereksamener	lov/1920-07-20-1
lov om utdanningsstøtte|utdanningsstøtteloven	lov/2005-06-03-37
lov om utdrag i tvistemål og straffesake|rettsutdragsloven|utdragsloven	lov/1918-08-14-2
lov om utenl skilsmisser og separasjoner	lov/1978-06-02-38
lov om utenrikstjenesten|utenrikstjenesteloven	lov/2002-05-03-13
lov om utførelsen av de offentlige legeforretninger	lov/1912-07-26-1
lov om utlendingers adgang til riket|utlendingsloven|utlendl|utll	lov/2008-05-15-35
lov om utlevering av lovbrytere	lov/1975-06-13-39
lov om utlevering av lovbrytere i norden	lov/1961-03-03-1
lov om utlevering mellom nordiske land	lov/1970-06-05-35
lov om utvalg som skal undersøke forhold knyttet til at personer med	lov/2009-06-19-73
lov om utvalget for gjennomgang av stortingspensjoner|stortingspensjonsutvalgsloven	lov/2008-10-17-79
lov om utvidet adgang til visitasjon	lov/1999-07-16-65
lov om utvinning av petroleum under land	lov/1973-05-04-21
lov om vaarsildfiske	lov/1851-09-24-7
lov om vaktvirksomhet|vaktvirksomhetsloven	lov/2001-01-05-1
lov om valg til fylkesting og kommunestyrer|valgloven	lov/2002-06-28-57
lov om vanføre|vanføre	lov/1958-12-05-1
lov om varer av edelt metall	lov/2010-09-03-52
lov om varsling, rapportering og undersøkelse av jernbaneulykker	lov/2005-06-03-34
lov om vassdrag og grunnvann|vannressursloven|vassressurslova	lov/2000-11-24-82
lov om vederlag for visning av billedkunst og kunsthåndverk|lov om vederlag for kunstvisning	lov/1993-05-28-52
lov om vederlag ved oreigning av fast eigedom|ekspropriasjonserstatningsloven|ekspropriasjonsvederlagsloven|oreigningsvederlagsloven|vederlagsloven|vederlagslova|vederll	lov/1984-04-06-17
lov om vedtak i fn's sikkerhetsråd	lov/1968-06-07-4
lov om verdipapirfond	lov/2011-11-25-44
lov om verdipapirhandel|verdipapirhandelloven|vphl	lov/2007-06-29-75
lov om vergemål|vgml	lov/2010-03-26-9|lov/1927-04-22-3
lov om vern mot smittsomme sykdommer|smittevernsloven|smittevernloven|smitteloven|smittel	lov/1994-08-05-55
lov om vernepliktige sivilarbeidere	lov/1937-06-17-10
lov om veterinærer og annet dyrehelsepersonell|dyrehelsepersonelloven|veterinærloven|dhpl	lov/2001-06-15-75
lov om vidners og sakkyndiges godtgjørelse mv|vitnegodtgjørelsesloven|godtgjørelsesloven|godtgjerslova	lov/1916-07-21-2
lov om visse forhold vedrørende de politiske partiene|partifinansieringsloven|partiloven	lov/2005-06-17-102
lov om visse sider av elektronisk handel og andre informasjonssamfunnstjenester|lov om visse sider av elektronisk handel|lov om elektronisk handel|e-handelsloven|ehandelsloven	lov/2003-05-23-35
lov om voksenopplæring|voksenopplæringsloven	lov/2009-06-19-95
lov om voldgift|voldgiftsloven	lov/2004-05-14-25
lov om voldsoffererstatning|voldsoffererstatningsloven|voldsofferloven|voerstl	lov/2001-04-20-13
lov om yrkesskadeforsikring|yrkesskadesforsikringsloven|yrkesskadeserstatningsloven|yrkesskadeforsikringsloven|yrkesskadeerstatningsloven|yforsl|yfl	lov/1989-06-16-65
lov om yrkesskadetrygd|yrkesskadetrygdloven|yrkesskadeloven	lov/1958-12-12-10
lov om yrkesskoler for håndverk og industri	lov/1940-03-01-1
lov pensjonsordning ved den norske opera	lov/1998-08-21-65
lov til å fremja umsetnaden av jordbruks|omsetningsloven	lov/1936-07-10-6
lov um avbrot av frestar|fristforlengelsesloven	lov/1946-06-21-8
lov um prisereglar og prisedomstolar	lov/1947-05-02-1
luftvernloven	lov/1947-02-21-4
lærlingeloven	lov/1950-07-14-5
lønnsnemndloven	lov/2012-01-27-10|lov/1952-12-19-7
margarinloven	lov/1931-06-24-15
matlovsforskriften	forskrift/2008-12-22-1620
mellombels tilleggslov til eigedomsskatt	lov/1982-12-17-82
mesterbrevloven	lov/1986-06-20-35
midl bakerilov	lov/1918-06-04
midl lov om avgift på el kraft	lov/1951-06-29-14
midl lov om avvikling av fylkenes hvpu	lov/1988-06-10-48
midl lov om forkjøpsrett til utbyggingsformål mm	lov/1965-06-25-4
midl lov om husleieregulering	lov/1957-06-28-20
midl lov om inntfradr ved ekspr	lov/1953-07-03-8
midl lov om oppbygging av biler	lov/1961-12-08
midl lov om regulering av byggevirksomhet	lov/1955-12-09-19
midl lov om sivil tjenestepligkt for tannleger	lov/1956-06-21-11
midl lov om uføretrygd	lov/1936-07-16-3
midl strandplanlov|strandloven	lov/1965-06-25-5
midlertidig lov om inntektsstopp|midlertidig lov om inntektsstopp	lov/1979-12-21-70
midlertidig lov om prøveordning med lokaler for injeksjon av narkotika	lov/2004-07-02-64
midlertidig skattelov	lov/1952-06-13-8
militære straffelov|militær straffelov|mil.strl|milstrl	lov/1902-05-22-13
mortifikasjonsloven	lov/1959-12-18-1
motorvognloven	lov/1926-02-20-2|lov/1912-06-21-2
mønstringsloven	lov/1947-07-11-4
naturvernloven	lov/1954-12-01-2
navigatørloven	lov/1958-10-10
nois-registerforskriften	forskrift/2005-06-17-611
nord-norgeloven	lov/1952-06-28-18
nordisk familierettslig konvensjon|konvensjon om familierett	lov/1931-02-06
norske lov|lovbogen|lovboken|n.l|nl	lov/1687-04-15
næringsmiddelhygieneforskriften	forskrift/2008-12-22-1623
odelsloven|odelsl|odl	lov/1974-06-28-58
offiserloven	lov/1895-07-27
omsetningsavgiftsloven|særavgiftsloven	lov/1933-05-19-11
opiumsloven	lov/1928-06-01-5
opplæringsforskriften - opplæringslova|forskrift til opplæringslova	forskrift/2006-06-23-724
opplæringslova|oppll|oppl	lov/1998-07-17-61
oreigningsloven	lov/1959-10-23-3
panteloven|panteloven|pantel	lov/1980-02-08-2
passforskriften	forskrift/1999-12-09-1263
patentloven|patentloven|pl	lov/1967-12-15-9
patentstyrelova	lov/2012-06-22-58
pensjonslov for stortingsrepresentanter	lov/1981-06-12-61
personopplysningsforskriften|pof	forskrift/2000-12-15-1265
personvernforordningen|gdpr	lov/2016-04-27-679
petroleumsskatteloven|petroleumskatteloven|psktl	lov/1975-06-13-35
pliktavholdsforskriften	forskrift/2006-10-16-1160|forskrift/2004-12-30-1906|forskrift/2001-12-17-1462
pliktavholdsloven	lov/1936-07-16-2|lov/1916-07-26-4
pliktavleveringsloven|avleveringspliktloven|avleveringsloven	lov/1989-06-09-32
politiinstruksen	forskrift/1990-06-22-3963
prioriteringsforskriften|prioritetsforskriften	forskrift/2000-12-01-1208
prioritetsloven	lov/1912-05-31
prisloven	lov/1947-06-30-12
produktansvarsloven|produktansvarloven|prodansvl	lov/1988-12-23-104
produktforskriften	forskrift/2004-06-01-922
produktkontrolloven	lov/1976-06-11-79
prokuraloven	lov/1985-06-21-80
prom ang territorial grænse	lov/1812-02-25
provisorisk anordning mot finansiering av terrorisme|prov anordn mot finansiering av terrorisme	lov/2001-10-05-1134
påtaleinstruksen|påt.instr	forskrift/1985-06-28-1679
rammeforskriften	forskrift/2010-02-12-158
regjeringsinstruksen	lov/1909-03-23
regler for midlertidig ordning med pasientskadeerstatning	forskrift/1988-01-01-4458
regnskapsloven|rekneskapslova|rskl	lov/1998-07-17-56
reindriftloven	lov/1933-05-12-3|lov/1897-07-25
reisebyråloven	lov/1948-11-04-2
rekvireringsloven	lov/1946-12-13-25|lov/1946-07-19-20
renteloven	lov/1976-12-17-100|lov/1888-06-29-2
rentereguleringsloven	lov/1947-12-05-3
res anggående jorddelingen i finmark mv	lov/1775-05-27
rettergangsordningens ikrafttredelseslov|rettergangsordningens ikrafttrædelseslov|rettergangsordningens ikrl	lov/1918-08-14-4
rettergangsoverenskomst med storbritannia	lov/1931-01-30
rettighetsforskriften	forskrift/2011-11-15-1103
rettsgebyrloven	lov/1982-12-17-86
revisorloven	lov/1999-01-15-2
riksborgarrettslova	lov/1888-04-21
riksgrenseloven	lov/1950-07-14-2
riksteaterloven	lov/1948-12-13-5
rusdrikkeloven	lov/1908-08-15-8
rusdrikkloven	lov/1848-08-17-2
rusdrikloven	lov/1908-08-15-8|lov/1848-08-17-2
råfiskloven	lov/1951-12-14-3|lov/1938-06-18-14
rørosloven	lov/1901-05-29-6
salærforskriften	forskrift/1997-12-03-1441
sameieloven|sameigelova	lov/1965-06-18-6
sameloven	lov/1987-06-12-56
samferdselsloven	lov/1964-06-19-7|lov/1947-07-11-6
samordningsloven	lov/1957-07-06-26
sanksjonslov mot iran	lov/1980-06-06-18
servituttloven	lov/1968-11-29
sinnsykeloven	lov/1848-08-17-1
sivildomsoverenskomst med storbritannia	lov/1961-06-12
sivilombudsmannsloven|ombudsmannsloven|ombodsmannslova|ombml	lov/1962-06-22-8
sjekkloven	lov/1932-05-27-3
sjøloven|sjøl	lov/1994-06-24-39
sjømannsloven	lov/1975-05-30-18|lov/1953-07-17-25|lov/1923-02-16-1
sjømannspensjonstrygdloven|pensjonstrygdloven	lov/1948-12-03-7
sjøml	lov/1975-05-30-18
sjøtrygdelagsloven|sjøtrygdelagloven	lov/1953-07-03-2
skattebetalingslovens ikrafttredelseslov|skattebetalingslov ikrafttredelseslov|skattebetalingslovens ikrl	lov/1955-06-30-19
skibsaktieloven|skipsaksjeloven	lov/1916-07-26-9
skibsaktieselskapsloven	lov/1916-06-26
skibsregisterloven|skipsregisterloven	lov/1901-05-04-2
skjønnsprosessloven|skjønnsprocessloven|skjønnsloven|skjønslova|skjl	lov/1917-06-01-1
skogkoncessionsloven|skogkonsesjonsloven	lov/1909-09-18-5
sparebankloven	lov/1961-05-24-1|lov/1924-07-04
spesialskoleloven	lov/1951-11-23-2|lov/1915-06-04-1
sportelloven	lov/1959-12-18-11|lov/1938-02-04-1
sprøyteromsforskriften	forskrift/2004-12-17-1661
stadnamnlova	lov/1990-05-18-11
statistikkloven	lov/1989-06-16-54
statsborgerloven	lov/2005-06-10-51|lov/1924-08-08-3
statsforetaksloven	lov/1991-08-30-71
statsrådpensjonsloven	lov/1951-12-14-11
stempelavgiftsloven	lov/1915-04-29-3
stempelloven	lov/1839-08-09-2
steriliseringsloven|sterill	lov/1977-06-03-57|lov/1934-06-01-2
stortingets bevilgningsreglement|bevilgningsreglementet	forskrift/2005-05-26-876
straffelovens ikrafttredelseslov|straffelovens ikrafttrædelseslov|straffelov ikrafttrædelseslov|straffelov ikrafttredelseslov|straffelovens ikrl|straffelov ikrl|strl.ikrl|strlikrl	lov/1902-05-22-11
straffeloven|strl	lov/2005-05-20-28|lov/1902-05-22-10
straffeprosesslovens ikrafttredelseslov|straffeprosesslov ikrafttredelseslov|straffeprosesslovens ikrl	lov/1985-06-14-71
straffeprosessloven|str.prl|strprl|stprl|strpl	lov/1981-05-22-25
stykkprisforskriften	forskrift/2005-12-12-1442
svalbardloven|svalbl	lov/1925-07-17-11
sykepleierpensjonsloven	lov/1962-06-22-12
syketransportforskriften	forskrift/2008-07-04-788
syketrygdloven	lov/1956-03-02-2|lov/1930-06-06-18
søfartsloven	lov/1860-03-24
tannhelsetjenesteloven|tannhtjl	lov/1983-06-03-54
tannlegeloven	lov/1927-04-29-2
tidspartloven	lov/2012-05-25-27|lov/1997-06-13-37
tilleggslov om krigspensjonering	lov/1968-03-22-2|lov/1951-06-29-34
tilleggslov om siv tjenesteplikt for tannleger	lov/1962-06-29-2
tilleggslov om statens pensjonskasse	lov/1956-11-09-1
tilleggslov til adopsjonsloven	lov/1948-10-22-1
tilleggslov til apotekloven	lov/1953-02-27-2
tilleggslov til arveavgiftsloven|forskuddsloven	lov/1934-03-16-2
tilleggslov til avbetalingsloven	lov/1953-05-22-1
tilleggslov til bygningsloven	lov/1947-02-28-2
tilleggslov til fiendegodsloven	lov/1948-07-02-1
tilleggslov til gamle aksjeskattelov	lov/1963-06-21-11
tilleggslov til jaktloven	lov/1932-03-03-2|lov/1930-06-06-5
tilleggslov til lakseloven	lov/1950-06-30-25
tilleggslov til lov om statens pensjonsk	lov/1982-05-21-25
tilleggslov til lov om stempelavgift	lov/1916-06-09-4
tilleggslov til lov um avbrot av frestar	lov/1946-10-31-3
tilleggslov til odelsfrigjøringsloven	lov/1936-07-16-1
tilleggslov til panteloven	lov/1931-06-24-2
tilleggslov til petroleumsskatteloven	lov/1983-12-23-76
tilleggslov til reisebyråloven	lov/1950-06-30-4
tilleggslov til skatteloven	lov/1961-06-09-16|lov/1952-06-13-8|lov/1948-07-09-1|lov/1921-02-22-1
tilleggslov til statsborgerloven	lov/1946-12-13-1
tilleggslov til syketrygdloven	lov/1957-03-15-5
tilleggslov til tannlegeloven	lov/1935-05-31-1
tilleggsloven om krigspensjonering|tilleggskrigspensjoneringsloven|tilleggsloven|kptl	lov/1968-03-22-2
tivoliloven	lov/1991-06-07-24
tjenestetvistloven|tjtvl	lov/1958-07-18-2
tobakksskadeloven|tobakkskadeloven|tobakksloven	lov/1973-03-09-14
toldloven	lov/1845-09-20
tolloven|tll	lov/2007-12-21-119|lov/1845-09-20
tomtefesteinstruksen	forskrift/2007-09-14-1060
totalisatorloven	lov/1927-07-01-3
trafikkreglene	forskrift/1986-03-21-747
traktat om svalbard|svalbardtraktaten	lov/1920-02-09
traktat om totalforbod mot kjernefysiske prøvesprengingar|prøvesprengingstraktaten	lov/1999-06-18-40
trustloven|tl	lov/1926-03-12-3
trålerloven	lov/1949-03-17
underoffiserloven	lov/1930-06-06-8|lov/1885-06-06
ungdomsforbryterloven	lov/1965-04-09-3
uniformsforbudloven	lov/1937-05-13-1
uskifteloven	lov/1927-07-04-4
utleveringsloven	lov/1975-06-13-39|lov/1961-03-03-1
utskiftningsloven	lov/1882-03-13-2
vaktvirksomhetsforskriften	forskrift/2011-03-28-337|forskrift/2004-05-25-787
valutaregisterforskriften	forskrift/2004-12-06-1573
valutareguleringsloven	lov/1946-07-19-1
vanføreloven	lov/1936-07-19-1
vassdragslov i ht konv norge/ sverige	lov/1931-06-12-1
vassdragsloven|vasdragsloven	lov/1887-07-01-4
vassdragsreguleringsloven	lov/1917-12-14-17|lov/1911-08-04
vedlegg til konvensjon om intern løsørek	lov/1988-05-13-426
vegfraktavtaleloven|veifraktavtaleloven|vegfraktavtaleloven|veifraktavtaleloven|veifraktloven|vegfraktloven|veifraktloven|vegfraktloven|veifraktl|veifraktl	lov/1974-12-20-68
vegloven|veiloven	lov/1963-06-21-23|lov/1912-06-21-1
vegtrafikkloven|veitrafikkloven|vegtrl|vtrl	lov/1965-06-18-4
vekselloven	lov/1932-05-27-2
verdipapirfondloven	lov/2011-11-25-44|lov/1981-06-12-52
verdipapirloven	lov/1981-06-12-52
vergemaalsloven	lov/1927-04-22-3
vergemålsloven|vergemålsloven|vgml	lov/2010-03-26-9
vernepliktsloven	lov/1953-07-17-29|lov/1929-06-21-8
vexelloven	lov/1880-05-07
vexelprocessloven	lov/1880-06-17
viltloven	lov/1981-05-29-38
vinmonopolloven	lov/1931-06-19-18
våpeninstruks for politiet|våpeninstruksen	forskrift/2015-07-02-1088|forskrift/1989-08-01-4872
yrkestransportforskriften	forskrift/2003-03-26-401
yrkestransportloven|yrkestransportlova	lov/2002-06-21-45
åndsverksloven|åvl	lov/1961-05-12-2|lov/1930-06-06-17
ølloven	lov/1884-06-18
